Test Category|What is 2 + 2?|4
Entertainment: Music|Which Beatle led the way across the zebra crossing on the Abbey Road album cover?|John
Entertainment: Music|Which Iron Maiden album did the song "Dream of Mirrors" feature in?|Brave New World
Entertainment: Music|Which American family band had a 1986 top 10 hit with the song 'Crush On You'?|The Jets
Entertainment: Music|Who was walking like an Egyptian in 1981?|The Bangles
Entertainment: Music|In the song “The Ultimate Showdown of Ultimate Destiny,” who is the only one to survive the battle?|Mr. Rogers
Entertainment: Music|The 1952 musical composition 4'33", composed by prolific American composer John Cage, is mainly comprised of what sound?|Silence
Entertainment: Music|Which song previously recorded by Elvis Presley was covered by UB40 with a reggae beat?|Can't Help Falling in Love
Entertainment: Music|Who is the lead singer of the Smashing Pumpkins?|Billy Corgan
Entertainment: Music|Which artist collaborated with American DJ Dillon Francis to release the song 2016 "Need You"?|NGHTMRE
Entertainment: Music|Which of these is NOT a name of an album released by American rapper Pitbull?|Welcome to Miami
Entertainment: Music|How many studio albums have the heavy metal band, 'Metallica' released in the period between 1983 and 2016?|10
Entertainment: Music|What album did Bon Iver release in 2016?|22, A Million
Entertainment: Music|Which band released songs suchs as "Rio", "Girls on Film", and "The Reflex"?|Duran Duran
Entertainment: Music|How many members are in the Japanese rock band SCANDAL?|4
Entertainment: Music|Who sings the rap song "Secret Wars Part 1"?|The Last Emperor
Entertainment: Music|Which iconic album cover features the pulsar waves of CP 1919 placed in the center of the cover?|Unknown Pleasures
Entertainment: Music|The song "Stronger Than You" is a single by Estelle, who played Garnet in Steven Universe.|True
Entertainment: Music|What was Rage Against the Machine's debut album?|Rage Against the Machine
Entertainment: Music|Finish these lyrics from the 2016 song "Panda" by Desiigner: "I got broads in _______".|Atlanta
Entertainment: Music|What was Raekwon the Chefs debut solo album?|Only Built 4 Cuban Linx
Entertainment: Music|Michael Jackson wrote The Simpsons song "Do the Bartman".|False
Entertainment: Music|Which famous rapper is featured in Jack Ü (Skrillex and Diplo)'s 2015 single called "Febreze"?|2 Chainz
Entertainment: Music|Arcade Fire's 'The Suburbs' won the Album of the Year award in the 2011 Grammys.|True
Entertainment: Music|Musical artist, Future, collaborated with Kendrick Lamar for the song: "Mask Off".|True
Entertainment: Music|Which of these is NOT a song on The Beatles' 1968 self titled album, also known as the White album?|Being For The Benefit Of Mr. Kite!
Entertainment: Music|In which city did American rap producer DJ Khaled originate from?|Miami
Entertainment: Music|Ellie Goulding's earliest album was named?|Lights
Entertainment: Music|What was the name of the cold-war singer who has a song in Grand Theft Auto IV, and a wall landmark in Moscow for his memorial?|Viktor Tsoi
Entertainment: Music|Who is the frontman of Muse?|Matt Bellamy
Entertainment: Music|Which of these bands are NOT from Australia?|The Naked and Famous
Entertainment: Music|Artis Leon Ivey Jr. is better known as which rap artist?|Coolio
Entertainment: Music|Which Beatle wrote and sang the song "Why Don't We Do It in the Road" after being inspired by seeing two monkeys copulating in the street?|Paul
Entertainment: Music|Who wrote the song "You Know You Like It"?|AlunaGeorge
Entertainment: Music|Which French duo had UK hits in 1998 with the songs 'Sexy Boy', 'Kelly Watch The Stars' & 'All I Need'?|Air
Entertainment: Music|Panic! At the Disco's sixth album "Pray For The Wicked" was released on which date?|June 22, 2018
Entertainment: Music|The cover of The Beatles album "Abbey Road" featured a Volkswagen Beetle in the background.|True
Entertainment: Music|What Led Zeppelin album contains "Stairway to Heaven"?|Led Zeppelin IV
Entertainment: Music|Who wrote the musical composition, "Rhapsody In Blue"?|George Gershwin
Entertainment: Music|In the  Rossini opera, what was the name of 'The Barber of Seville'?|Figaro
Entertainment: Music|Which Canadian reggae musician had a 1993 hit with the song 'Informer'?|Snow
Entertainment: Music|What is the name of Rivers Cuomo's wife?|Kyoko Ito
Entertainment: Music|Who won the 1989 Drum Corps International championships?|Santa Clara Vanguard
Entertainment: Music|The music video to The Buggle's "Video Killed the Radio Star" was the first music video to broadcast on MTV.|True
Entertainment: Music|Who is a pioneer of "Minimal Music" in 1960s?|Steve Reich
Entertainment: Music|The heavy metal band Black Sabbath hail from which English city?|Birmingham
Entertainment: Music|Which band released songs such as "Electric Feel", "Kids", and "Time to Pretend"?|MGMT
Entertainment: Music|What was the name of the rock band that Nobuo Uematsu formed that played songs from various Final Fantasy games?|The Black Mages
Entertainment: Music|What was the name of singer Frank Ocean's second studio album, which was released on August 20, 2016?|Blonde
Entertainment: Music|Which Queen song was covered by Brittany Murphy in the 2006 film "Happy Feet"?|Somebody to Love
Entertainment: Music|Which member of the Foo Fighters was previously the drummer for Nirvana?|Dave Grohl
Entertainment: Music|Which Toronto landmark was featured on the cover art of Canadian rapper Drake's 2016 album "Views"?|CN Tower
Entertainment: Music|Madonna's song "Hung Up" includes a piece from which popular 70s song?|Gimmie! Gimmie! Gimme! (A Man After Midnight)
Entertainment: Music|What collaborative album was released by Kanye West and Jay-Z in 2011?|Watch the Throne
Entertainment: Music|Which of these is not an Ed Sheeran album?|-
Entertainment: Music|What was Britney Spears' debut single?|...Baby One More Time
Entertainment: Music|Which Twitch streamer is the vocalist for Red Vox?|Vinesauce
Entertainment: Music|Which of these bands was a featuring artist in Compton rapper Kendrick Lamar's 2017 album, "DAMN."?|U2
Entertainment: Music|Which Aerosmith album featured "Walk This Way"?|Toys in the Attic
Entertainment: Music|What is the name of the 2016 mixtape released by Venezuelan electronic producer Arca?|Entrañas
Entertainment: Music|A Facebook campaign placed Rage Against The Machine's "Killing in the Name Of" as the UK Christmas Number 1 in 2009.|True
Entertainment: Music|What is the relationship between the band members of American rock band King of Leon?|Brothers & cousins
Entertainment: Music|Which Elton John hit starts with the line "When are you gonna come down"?|Goodbye Yellow Brick Road
Entertainment: Music|Sting, the lead vocalist of The Police, primarily plays what instrument?|Bass Guitar
Entertainment: Music|Which album was released by Kanye West in 2013?|Yeezus
Entertainment: Music|Soulja Boy's 'Crank That' won a Grammy for Best Rap Song in 2007.|False
Entertainment: Music|Which rock band released the album "The Bends" in March 1995?|Radiohead
Entertainment: Music|Which song is not by TheFatRat?|Ascent
Entertainment: Music|What song on ScHoolboy Q's album Black Face LP featured Kanye West?|THat Part
Entertainment: Music|Ashley Frangipane performs under the stage name Halsey.|True
Entertainment: Music|In Kendrick Lamar's 2012 album, "Good Kid, M.A.A.D City", the album's story takes place in which city?|Compton
Entertainment: Music|Which song by Swedish electronic musician Avicii samples the song "Something's Got A Hold On Me" by Etta James?|Levels
Entertainment: Music|What is the British term for a 64th note?|Hemidemisemiquaver
Entertainment: Music|Which rapper had an album that went double platinum with no features?|J. Cole
Entertainment: Music|Which music publication is often abbreviated to NME?|New Musical Express
Entertainment: Music|What is the name of the main character from the music video of "Shelter" by Porter Robinson and A-1 Studios?|Rin
Entertainment: Music|Daft Punk originated in France.|True
Entertainment: Music|The 2016 song "Starboy" by Canadian singer The Weeknd features which prominent electronic artist?|Daft Punk
Entertainment: Music|Eurobeat is primarily an Italian genre of music.|True
Entertainment: Music|For his performance at ComplexCon 2016 in Long Beach, California, Skrillex revived his "Mothership" set piece for one night only.|True
Entertainment: Music|Which of these is not a song on the album Graduation by Kanye West?|Waves
Entertainment: Music|Pink Floyd made this song for their previous lead singer Syd Barrett.|Shine On You Crazy Diamond
Entertainment: Music|Who performed "I Took A Pill In Ibiza"?|Mike Posner
Entertainment: Music|What is the name of the 2016 studio album by the French electronic music duo Justice?|Woman
Entertainment: Music|Which band recorded the album "Parallel Lines"?|Blondie
Entertainment: Music|When did the rapper Eazy-E die?|March 26, 1995
Entertainment: Music|Which of these aliases has NOT been used by electronic musician Aphex Twin?|Burial
Entertainment: Music|How many members are there in the band Nirvana?|Three
Entertainment: Music|What was the best selling album of 2015?|Adele, 25
Entertainment: Music|African-American performer Sammy Davis Jr. was known for losing which part of his body in a car accident?|Left Eye
Entertainment: Music|The "British Invasion" was a cultural phenomenon in music where British boy bands became popular in the USA in what decade?|60's
Entertainment: Music|Ringo Starr of The Beatles mainly played what instrument?|Drums
Entertainment: Music|Which Nirvana album had a naked baby on the cover?|Nevermind
Entertainment: Music|Pete Townshend's solo album, "White City: A Novel", is set in the metropolitan area of Chicago.|False
Entertainment: Music|Which album by American rapper Kanye West contained songs such as "Love Lockdown", "Paranoid" and "Heartless"?|808s & Heartbreak
Entertainment: Music|The band Muse released their first album, Showbiz, in what year?|1999
Entertainment: Music|Who is the lead singer of The Lumineers?|Wesley Schultz
Entertainment: Music|Muse is a British (English) rock band|True
Entertainment: Music|"The Division Bell" is the final album of the progressive rock band Pink Floyd.|False
Entertainment: Music|What was Bon Iver's debut album released in 2007?|For Emma, Forever Ago
Entertainment: Music|Which of these songs was released in 1996?|The Smashing Pumpkins - "1979"
Entertainment: Music|Which English guitarist has the nickname "Slowhand"?|Eric Clapton
Entertainment: Music|What year was Min Yoongi from South Korea boy band "BTS" born in?|1993
Entertainment: Music|Which of the following music bands is not from Finland?|Sabaton
Entertainment: Music|Which of these songs is NOT included in the Suicide Squad OST?|Skies on Fire - AC/DC
Entertainment: Music|Which of these is NOT the name of an album released by American rapper Viper?|The Life of Pablo
Entertainment: Music|Who is the lead singer of the band Coldplay?|Chris Martin
Entertainment: Music|Which song in rapper Kanye West's album "The Life of Pablo" features Rihanna?|Famous
Entertainment: Music|Which band had hits in 1975 with the songs, 'One Of These Nights' & 'Lyin Eyes'?|The Eagles
Entertainment: Music|Nick Mason is the only member to appear on every Pink Floyd album.|True
Entertainment: Music|Whose albums included "Back in Black" and "Ballbreaker"?|AC/DC
Entertainment: Music|What album did The Lumineers release in 2016?|Cleopatra
Entertainment: Music|Where did the British Boy Band "Bros" come from?|Camberley
Entertainment: Music|What is the English title of the vaporwave track "リサフランク420 / 現代のコンピュー" by Macintosh Plus (Vektroid)?|Lisa Frank 420 / Modern Computing
Entertainment: Music|Who had a 1983 hit with the song 'Africa'?|Toto
Entertainment: Music|Who is the frontman of the band 30 Seconds to Mars?|Jared Leto
Entertainment: Music|Which former boy-band star released hit solo single "Angels" in 1997?|Robbie Williams
Entertainment: Music|What is the first track on the Dave Matthews Band album "Before These Crowded Streets"?|Pantala Naga Pampa
Entertainment: Music|What is not a wind instrument?|Viola
Entertainment: Music|The song "Feel Good Inc." by British band Gorillaz features which hip hop group?|De La Soul
Entertainment: Music|"The Singing Cowboy" Gene Autry is credited with the first recording for all but which classic Christmas jingle?|White Christmas
Entertainment: Music|In 2015, David Hasselhof released a single called...|True Survivor
Entertainment: Music|The 'In the Flesh' tour was used in support of what Pink Floyd album?|Animals
Entertainment: Music|Dave Grohl recorded the Foo Fighters' debut, "Foo Fighters," by himself.|True
Entertainment: Music|Which of these artists has NOT been a member of dancehall group Major Lazer?|Skrillex
Entertainment: Music|On the cover of 'Abbey Road,' which of the Beatles is not wearing shoes?|Paul McCartney
Entertainment: Music|Which of these bands is the oldest?|Pink Floyd
Entertainment: Music|Lead Singer Rivers Cuomo of American rock band Weezer attended Harvard.|True
Entertainment: Music|What was The Velvet Underground's first album called?|The Velvet Underground & Nico
Entertainment: Music|This album, now considered to be one of the greatest of all time, was a commercial failure when it was released.|The Velvet Underground and Nico
Entertainment: Music|Which of these songs is NOT in The Beatles' album "Sgt. Pepper's Lonely Hearts Club Band"?|Strawberry Fields Forever
Entertainment: Music|Kanye West at 2009 VMA's interrupted which celebrity?|Taylor Swift
Entertainment: Music|Where does the Mac part of the name Fleetwood Mac come from?|John McVie
Entertainment: Music|Which one of these rappers is NOT a member of the rap group Wu-Tang Clan?|Dr.Dre
Entertainment: Music|May 16th of every year is known as __________ Day, named after a punk band prominent in the 1990s.|Lagwagon
Entertainment: Music|Which of these is NOT a song by Pegboard Nerds?|WiFi Tears
Entertainment: Music|Pete Townshend collaborated with which famous guitarist for an event at Brixton Academy in 1985?|David Gilmour
Entertainment: Music|What genre of EDM is the Dutch DJ, musician, and remixer Armin van Buuren most well-known for?|Trance
Entertainment: Music|What musician made the song "F**kin` Perfect" in 2010?|P!nk
Entertainment: Music|Which of these songs is not on the "untitled" album by Led Zeppelin?|Celebration Day
Entertainment: Music|Who had a 1973 hit with the song 'Hocus Pocus'?|Focus
Entertainment: Music|What M83 was featured in Grand Theft Auto V's radio?|Midnight City
Entertainment: Music|Which rap group released the album "Straight Outta Compton"?|N.W.A
Entertainment: Music|Scottish producer Calvin Harris is from the town of Dumfries, Scotland.|True
Entertainment: Music|Which of these songs is not by Tatsuro Yamashita?|Lucky Lady Feel So Good 
Entertainment: Music|On which Beatles album would you find the song 'Eleanor Rigby'?|Revolver
Entertainment: Music|Who is the primary lyricist for Canadian progressive rock band Rush?|Neil Peart
Entertainment: Music|Who was the lead singer and frontman of rock band R.E.M?|Michael Stipe
Entertainment: Music|American rapper Dr. Dre actually has a Ph.D. doctorate.|False
Entertainment: Music|From which country does the piano originate?|Italy
Entertainment: Music|The song "Mystery Train" was released by artist "Little Junior's Blue Flames" in 1953.|True
Entertainment: Music|Which genre of Hip Hop does MC Frontalot rap?|Nerdcore
Entertainment: Music|In what film was the Michael Jackson song "Will You Be There" featured?|Free Willy
Entertainment: Music|Which member of the English band "The xx" released their solo album "In Colour" in 2015?|Jamie xx
Entertainment: Music|Kanye West's "Gold Digger" featured which Oscar-winning actor?|Jamie Foxx
Entertainment: Music|Who is the lead singer of Arctic Monkeys?|Alex Turner
Entertainment: Music|What is Brian May's guitar called?|Red Special
Entertainment: Music|In what year was Tchaikovsky's 1812 Overture composed?|1880
Entertainment: Music|What is the frontman's name of the metal band Megadeth?|Dave Mustaine
Entertainment: Music|Which of these artists did NOT feature in the fitfh studio album "Humanz" by British virtual band Gorillaz?|Snoop Dogg
Entertainment: Music|What date is referenced in the 1971 song "September" by Earth, Wind & Fire?|21st of September
Entertainment: Music|How many copies have Metallica album "Metallica" (A.K.A The Black Album) sold worldwide (in Millions of Copies)?|20.5
Entertainment: Music|"Some people call me the space cowboy" is the first line from what song?|The Joker
Entertainment: Music|What 1970's American ballad referred to the 1959 plane crash as the "the day the music died"?|American Pie
Entertainment: Music|The "K" in "K-Pop" stands for which word?|Korean
Entertainment: Music|Cryoshell, known for "Creeping in My Soul" did the advertising music for what Lego Theme?|Bionicle
Entertainment: Music|The key of sharps does the key of G# minor contain?|5
Entertainment: Music|A Caixa Malacacheta is what kind of musical instrument which is commonly used in Latin American music?|Snare Drum
Entertainment: Music|What was the title of Sakamoto Kyu's song "Ue o Muite Arukou" (I Look Up As I Walk) changed to in the United States?|Sukiyaki
Entertainment: Music|When did Tame Impala release their second album?|2012
Entertainment: Music|According to the RIAA: Which artist has sold the most albums by the million?|The Beatles
Entertainment: Music|In "Mean Girls", who has breasts that tell when it's raining?|Karen Smith
Entertainment: Music|Which of these artists was NOT a member of the electronic music supergroup Swedish House Mafia, which split up in 2013?|Alesso
Entertainment: Music|Electronic artists Boys Noize and Skrillex have collaborated and released tracks under what name?|Dog Blood
Entertainment: Music|Korean girl group, TWICE, consists of 9 members|True
Entertainment: Music|"Hallelujah" is a song written by which Canadian recording artist?|Leonard Cohen
Entertainment: Music|Irish musician Hozier released a music track in 2013 titled, "Take Me to ______"|Church
Entertainment: Music|The song "Twin Size Mattress" was written by which band?|The Front Bottoms
Entertainment: Music|What French artist/band is known for playing on the midi instrument "Launchpad"?|Madeon
Entertainment: Music|Which of these albums is a Wu-Tang Clan album?|Iron Flag
Entertainment: Music|What was the name of Pink Floyd's first studio album?|The Piper at the Gates of Dawn
Entertainment: Music|Which Beatles album does NOT feature any of the band members on it's cover?|The Beatles (White Album)
Entertainment: Music|What is the official name of Prince's backing band?|The Revolution
Entertainment: Music|Which one of these Pink Floyd albums were also a movie?|The Wall
Entertainment: Music|"Neutral Milk Hotel" is a real band.|True
Entertainment: Music|What was the name of the hip hop group Kanye West was a member of in the late 90s?|The Go-Getters
Entertainment: Music|EDM record label Monstercat is based in which country?|Canada
Entertainment: Music|According to their 1974 hit, what were Brownsville Station doing "In The Boys' Room"?|Smokin'
Entertainment: Music|Liam Howlett founded which electronic music group in 1990?|The Prodigy
Entertainment: Music|Who is the lead singer of Green Day?|Billie Joe Armstrong
Entertainment: Music|Which country is singer Kyary Pamyu Pamyu from?|Japan
Entertainment: Music|What country did Shirley Bassey originate from?|Wales
Entertainment: Music|Which of the following songs did Elton John perform following Princess Diane's passing?|Candles in the Wind
Entertainment: Music|Who is the lead singer of the British pop rock band Coldplay?|Chris Martin
Entertainment: Music|Which song on Daft Punk's "Random Access Memories" features Pharrell Williams?|Get Lucky
Entertainment: Music|Who is the artist of the recent new album the Uncanny Valley?|Perturbator
Entertainment: Music|What is the first track on Kanye West's 808s & Heartbreak?|Say You Will
Entertainment: Music|Which member of the Wu-Tang Clan had only one verse in their debut album Enter the Wu-Tang (36 Chambers)?|Masta Killa
Entertainment: Music|Which Death Grips album is the only one to feature a band member?|No Love Deep Web
Entertainment: Music|In which year did "Caravan Palace" release their first album?|2008
Entertainment: Music|Which singer was featured in Jack Ü (Skrillex & Diplo)'s 2015 song 'Where Are Ü Now'?|Justin Bieber
Entertainment: Music|Which country does the electronic music duo "The Knife" originate from?|Sweden
Entertainment: Music|Chino Moreno is the lead singer of which alternative metal band?|Deftones
Entertainment: Music|Stevie Wonder's real name is Stevland Hardaway Morris.|True
Entertainment: Music|"Lift Your Spirit" is an album by which artist?|Aloe Blacc
Entertainment: Music|Which alternative rock band released the critically-acclaimed album "OK Computer"?|Radiohead
Entertainment: Music|Which singer was featured in Swedish producer Avicii's song "Wake Me Up"?|Aloe Blacc
Entertainment: Music|3 members of 2 Live Crew were arrested for playing songs from their album, As Nasty As They Wanna Be, live.|True
Entertainment: Music|Which year was the album "Floral Shoppe" by Macintosh Plus released?|2011
Entertainment: Music|What's the most common time signature for rock songs?|4/4
Entertainment: Music|"Drink the Sea" is an album by which electronic music artist?|The Glitch Mob
Entertainment: Music|Which band is the longest active band in the world with no breaks or line-up changes?|U2
Entertainment: Music|EDM producer Marshmello performs live wearing clothes and a marshmallow mask of what colour?|White
Entertainment: Music|When was Gangnam Style uploaded to YouTube?|2012
Entertainment: Music|Which of the following is not a studio album by the band Pink Floyd?|Moving Pictures
Entertainment: Music|Pink Guy's debut album was "Pink Season".|False
Entertainment: Music|Which of the following bands is Tom DeLonge not a part of?|+44
Entertainment: Music|Brian May was the guitarist for which band?|Queen
Entertainment: Music|Which artist or group did John Lennon consider "son(s) of the Beatles"?|Jeff Lynne's Electric Light Orchestra
Entertainment: Music|John Williams composed the music for "Star Wars".|True
Entertainment: Music|Which country does the band Rammstein hail from?|Germany
Entertainment: Music|Which brass instrument has the lowest pitch in an orchestra?|Tuba
Entertainment: Music|Which of the following is an album by punk rock band Anti-Flag?|For Blood And Empire
Entertainment: Music|What is the name of French electronic music producer Madeon's 2015 debut studio album?|Adventure
Entertainment: Music|Which one of these songs did the group "Men At Work" NOT make?|Safety Dance
Entertainment: Music|Who was not in the band "The Smiths"?|Martin Chambers
Entertainment: Music|Who was the guitarist in the band "The Doors"?|Robby Krieger
Entertainment: Music|What year was Red Hot Chill Pepper's album "Californication" released?|1999
Entertainment: Music|"Grande Valse" is a phrase from the song "Gran Vals". What is that song segment known as?|Nokia Tune
Entertainment: Music|Which of these songs by artist Eminem contain the lyric "Nice to meet you. Hi, my name is... I forgot my name!"?|Rain Man
Entertainment: Music|What was Radiohead's first album?|Pablo Honey
Entertainment: Music|Which of these is not a member of the virtual band Gorillaz?|Phi Cypher
Entertainment: Music|Which year was the album "Year of the Snitch" by Death Grips released?|2018
Entertainment: Music|Which of these is NOT an album released by The Beatles?|The Wall
Entertainment: Music|From which country did the song "Gangnam Style" originate from?|South Korea
Entertainment: Music|What is the first Studio Album to be released on the Internet with a "Pay-What-You-Want" price?|In Rainbows
Entertainment: Music|Who performed the guitar solo on Michael Jackson's hit "Beat It"?|Eddie Van Halen
Entertainment: Music|Saul Hudson (Slash) of the band Guns N' Roses is known for playing what type of guitar?|Les Paul Standard
Entertainment: Music|Björk's "Unison" contains a sample of which Oval song?|Aero Deck
Entertainment: Music|The singer Billie Holiday was also known as "Lady Day".|True
Entertainment: Music|'74–'75 is a 1993 single from the album Ring by what American band?|The Connells
Entertainment: Music|When did The Beatles release the LP "Please Please Me"?|1963
Entertainment: Music|Who is the vocalist and frontman of rock band "Guns N' Roses"?|Axl Rose
Entertainment: Music|The song Scatman's World was released after Scatman (Ski-Ba-Bop-Ba-Dop-Bop).|True
Entertainment: Music|What was the title of ABBA`s first UK hit single?|Waterloo
Entertainment: Music|From which album is the Gorillaz song, "On Melancholy Hill" featured in?|Plastic Beach
Entertainment: Music|How many strings are there on a cello?|4
Entertainment: Music|What is the name of the album released in 2014 by American band Maroon 5?|V
Entertainment: Music|Which of these are NOT a Men at Work song?|Basket Case
Entertainment: Music|Which M83 album is the song "Midnight City" featured in?|Hurry Up, We're Dreaming
Entertainment: Music|Which artist released the 2012 single "Harlem Shake", which was used in numerous YouTube videos in 2013?|Baauer
Entertainment: Music|In August 1964, who introduced the Beatles to cannabis?|Bob Dylan
Entertainment: Music|A Saxophone is a brass instrument.|False
Entertainment: Music|How many studio albums have the duo Daft Punk released?|4
Entertainment: Music|Who wrote the Sinead O`Connor hit 'Nothing Compares 2 U'?|Prince
Entertainment: Music|EDM label Monstercat signs tracks instead of artists.|True
Entertainment: Music|The Proclaimers - I'm Gonna Be (500 Miles) reached what position on the US Hot 100 Charts in 1993?|3rd
Entertainment: Music|Typically, how many keys are on a piano?|88
Entertainment: Music|The Rush song "YYZ" derives its name from the IATA aiport identification code for which city?|Toronto
Entertainment: Music|What animal is featured on the cover of English electronic music group The Prodigy's album, "The Fat of the Land"?|Crab
Entertainment: Music|Rapper Snoop Dogg's real name is 'Cordozar Calvin Broadus, Jr.'.|True
Entertainment: Music|Which of these artists do NOT originate from France?|The Chemical Brothers
Entertainment: Music|Which of these is NOT a song featured on the Lockjaw EP released in 2013 by Flume & Chet Faker?|Left Alone
Entertainment: Music|In which year was the Megadeth album "Peace Sells... but Who's Buying?" released?|1986
Entertainment: Music|In 1993, Prince changed his name to an unpronounceable symbol because he was unhappy with his contract with Warner Bros.|True
Entertainment: Music|Who had a 1976 hit with the song 'You Make Me Feel Like Dancing'?|Leo Sayer
Entertainment: Music|Who is the lead singer of Silverchair?|Daniel Johns
Entertainment: Music|What was David Bowie's real surname?|Jones
Entertainment: Music|Which group performs the song "Crash into Me"?|Dave Matthews Band
Entertainment: Music|Which of Michael Jackson's albums sold the most copies?|Thriller
Entertainment: Music|Which of these is the name of a song by Tears for Fears?|Shout
Entertainment: Music|"The Genius" is the original and secondary name of which Wu-Tang Clan member?|GZA
Entertainment: Music|Who is the founder and leader of industrial rock band, 'Nine Inch Nails'?|Trent Reznor
Entertainment: Music|Who is the Pink Floyd song "Shine On You Crazy Diamond" written about?|Syd Barrett
Entertainment: Music|What is the stage name of New Zealand singer Phillipa "Pip" Brown?|Ladyhawke
Entertainment: Music|Where was Nicki Minaj born?|Trinidad and Tobago
Entertainment: Music|In an orchestra, what is the lowest member of the brass family?|Tuba
Entertainment: Music|Which lyric is about Red Hot Chili Peppers frontman Anthony Kiedis?|"A rainy Lithuanian / Is dancing as an Indian"
Entertainment: Music|"All the Boys" by Panic! At the Disco was released as a bonus track on what album?|Too Weird To Live, Too Rare To Die!
Entertainment: Music|Which one of these Rammstein songs has two official music videos?|Du Riechst So Gut
Entertainment: Music|What song originally performed by The Bee Gees in 1978 had a cover version by Steps 20 years later?|Tragedy
Entertainment: Music|Which popular rock band has a one-armed drummer?|Def Leppard
Entertainment: Music|Which artist curated the official soundtrack for "The Hunger Games: Mockingjay - Part 1"?|Lorde
Entertainment: Music|Which one of these people has been in the band ''Metallica'' in the past?|Dave Mustaine
Entertainment: Music|What album did Gorillaz release in 2017?|Humanz
Entertainment: Music|The band STRFKR was also briefly known as Pyramiddd.|True
Entertainment: Music|Which company did the animation for Peter Gabriel's Video Sledgehammer (1986)?|Aardman Animations
Entertainment: Music|What was the name of the Wu-Tang Clan album Martin Shkreli bought for $2 million dollars?|Once Upon a Time in Shaolin
Entertainment: Music|The alternative rock band, They Might Be Giants, released their album 'Flood' in 1990. |True
Entertainment: Music|Metallica collaborated with Rowan Atkinson's Mr Bean on a 1992 comic relief single.|False
Entertainment: Music|Which country does the power metal band "Sabaton" originate from?|Sweden
Entertainment: Music|Which novelty band was best known for their UK chart hits "Combine Harvester" and "I Am a Cider Drinker" in 1976?|The Wurzels
Entertainment: Music|Which of these songs did Jimi Hendrix cover?|All of these songs
Entertainment: Music|Who is the lead singer of Foo Fighters?|Dave Grohl
Entertainment: Music|Which member of "The Beatles" narrated episodes of "Thomas the Tank Engine"?|Ringo Starr
Entertainment: Music|Which song made by MAN WITH A MISSION was used as the opening for the anime "Log Horizon"?|"Database"
Entertainment: Music|According to a song by Belinda Carlisle, Heaven is a place on what?|Earth
Entertainment: Music|In the Panic! At the Disco's song "Nothern Downpour", which lyric follows 'I know the world's a broken bone'.|"So melt your headaches call it home"
Entertainment: Music|Rick Astley's hit song "Never Gonna Give You Up" was released in what year?|1987
Entertainment: Music|Which classical composer wrote the "Moonlight Sonata"?|Ludvig Van Beethoven
Entertainment: Music|Which of the following songs was not originally released by Sir Elton John? |You'll Be In My Heart
Entertainment: Music|Who released the 1991 album "Out of Time"?|R.E.M.
Entertainment: Music|Which of these Johns was murdered by gunshots outside the Dakota in New York in 1980?|John Lennon
Entertainment: Music|What is the best selling album of all time from 1976 to 2018?|Thriller
Entertainment: Music|The Who's eponymous line, "Teenage Wasteland", appears in which of their songs?|Baba O' Riley
Entertainment: Music|Who had a 1969 top 5 hit with the song,  'A Boy Named Sue'?|Johnny Cash
Entertainment: Music|Whose signature guitar technique is called the "windmill"?|Pete Townshend
Entertainment: Music|Which of these is not a single by Pink Floyd guitarist, David Gilmour?|Sunset Strip
Entertainment: Music|"Doctor Jones", "Turn Back Time" and "Barbie Girl" were UK number ones for which Eurodance group?|Aqua
Entertainment: Music|What was the subject of the 2014 song "CoCo" by American rapper O. T. Genasis?|Cocaine
Entertainment: Music|According to a Beatles song, who kept her face in a jar by the door?|Eleanor Rigby
Entertainment: Music|Scatman John's real name was John Paul Larkin.|True
Entertainment: Music|Who was featured in the song "Words" by Feint? |Laura Brehm
Entertainment: Music|Which of the following is NOT a real song from the band Thousand Foot Krutch?|Limitless Fury
Entertainment: Music|What was the last Aphex Twin album released before his decade-long hiatus?|Drukqs
Entertainment: Music|Johnny Cash did a cover of this song written by lead singer of Nine Inch Nails, Trent Reznor.|Hurt
Entertainment: Music|What is the stage name of English female rapper Mathangi Arulpragasam, who is known for the song "Paper Planes"?|M.I.A.
Entertainment: Music|Who is the lead singer of Bastille?|Dan Smith
Entertainment: Music|According to the American rapper Nelly, what should you do when its hot in here?|Take off all your clothes
Entertainment: Music|The Red Hot Chili Pepper song "Give It Away" is from what album?|Blood Sugar Sex Magik
Entertainment: Music|Which of these artists did NOT remix the song "Faded" by Alan Walker?|Skrillex
Entertainment: Music|Who designed the album cover for True Romance, an album by Estelle?|Rebecca Sugar
Entertainment: Music|Which of the following guitarists recorded an album as a member of the Red Hot Chili Peppers?|Dave Navarro
Entertainment: Music|Which one of these artists appears in the album Deltron 3030?|Dan the Automater
Entertainment: Music|"Make You Feel My Love" was originally written and performed by which singer-songwriter?|Bob Dylan
Entertainment: Music|"Twenty One Pilots" made the song "The Motion" featuring Sampha.|False
Entertainment: Music|The song "Caramelldansen" is commonly mistaken as a Japanese song, what language is the song actually sung in?|Swedish
Entertainment: Music|Who recorded the 1975 album 'Captain Fantastic and the Brown Dirt Cowboy'?|Elton John
Entertainment: Music|Who had a 1981 hit with the song "Japanese Boy"?|Aneka
Entertainment: Music|Moby, an American DJ, singer, and musician, achieved worldwide success for the 1999 release of which of the following albums?|Play
Entertainment: Music|In 2006, which band released their debut album "A Fever You Can't Sweat Out"?|Panic! At the Disco
Entertainment: Music|Pamina and Papageno are characters in what Mozart opera?|The Magic Flute
Entertainment: Music|Green Day's album 'American Idiot' is considered a "punk rock opera."|True
Entertainment: Music|Which famous 90's rap album is commonly referred to as "The Bible of Hip Hop"?|Illmatic
Entertainment: Music|What is the opening track on Lorde's Pure Heroine?|Tennis Court
Entertainment: Music|Who was the original drummer for The Beatles?|Tommy Moore
Entertainment: Music|Who was "Kung Fu Fighting" in 1974?|Carl Douglas
Entertainment: Music|Which European capital city gives its name to a 1981 song by Ultravox?|Vienna
Entertainment: Music|The music group Daft Punk got their name from a negative review they recieved.|True
Entertainment: Music|What year was Huun Huur Tu's album Altai Sayan Tandy-Uula released? |2004
Entertainment: Music|What year did Dire Straits's Song "Money for Nothing" release?|1985
Entertainment: Music|Which member of the British pop group "The Spice Girls" was known as Ginger Spice?|Geri Halliwell
Entertainment: Music|Which 80s band is fronted by singer/guitarist Robert Smith?|The Cure
Entertainment: Music|Norwegian producer Kygo released a remix of the song "Sexual Healing" by Marvin Gaye.|True
Entertainment: Music|Which of these is NOT the name of an album released by Miami-based producer DJ Khaled?|Don't Ever Play Yourself
Entertainment: Music|Which band released the album "Sonic Highways" in 2014?|Foo Fighters
Entertainment: Music|What was Daft Punk's first studio album?|Homework
Entertainment: Music|What is the name of the song by Beyoncé and Alejandro Fernández released in 2007?|Amor Gitano
Entertainment: Music|What is the last song on the first Panic! At the Disco album?|Build God, Then We'll Talk
Entertainment: Music|What is rapper Drake's real name?|Aubrey Graham
Entertainment: Music|Which of these songs by Skrillex features Fatman Scoop as a side artist?|Recess
Entertainment: Music|What is the name of Finnish DJ Darude's hit single released in October 1999?|Sandstorm
Entertainment: Music|Which of these is NOT the name of an album released by English singer-songwriter Adele?|12
Entertainment: Music|When was the 3rd album "Notes from the Underground" of the band "Hollywood Undead" released?|2013
Entertainment: Music|Who had hits in the 70s with the songs "Lonely Boy" and "Never Let Her Slip Away"?|Andrew Gold
Entertainment: Music|The 2011 movie "The Adventures of Tintin" was directed by Steven Spielberg.|True
Entertainment: Music|Which punk rock band released hit songs such as "Californication", "Can't Stop" and "Under the Bridge"?|Red Hot Chilli Peppers
Entertainment: Music|What is the real name of Canadian electronic music producer deadmau5?|Joel Zimmerman
Entertainment: Music|Which of these languages was NOT included in the 2016 song "Don't Mind" by Kent Jones?|Portuguese
Entertainment: Music|Which of these is the name of an American psychedelic rock band formed in 2002 by Benjamin Goldwasser and Andrew VanWyngarden?|MGMT
Entertainment: Music|How many members are there in the idol group "µ's"?|9
Entertainment: Music|Which Disney character sings the song "A Dream is a Wish Your Heart Makes"?|Cinderella
Entertainment: Music|Which song in Drake's "Views" features Future?|Grammys
Entertainment: Music|Who had a US and UK number 1 hit in 1962 with the instrumental, 'Telstar'?|The Tornados
Entertainment: Music|The country song  “A Boy Named Sue” was written by Shel Silverstein.|True
Entertainment: Music|Which band had hits in 1972 with the songs "Baby I'm A Want You", "Everything I Own" and "The Guitar Man"|Bread
Entertainment: Music|Who recorded the album called "Down to the Moon" in 1986?|Andreas Vollenweider
Entertainment: Music|Who is the lead singer of Pearl Jam?|Eddie Vedder
Entertainment: Japanese Anime & Manga|Throughout the entirety of "Dragon Ball Z", Goku only kills two characters: a miniboss named Yakon and Kid Buu.|True
Entertainment: Japanese Anime & Manga|In "To Love-Ru", who is the first to hear of Yami's past from her?|Rito
Entertainment: Japanese Anime & Manga|In "To Love-Ru: Darkness", which of the girls attempt making a harem for Rito Yuuki?|Momo Deviluke
Entertainment: Japanese Anime & Manga|The main antagonist of the second part of JoJo's Bizarre Adventure is which of the following?|Kars
Entertainment: Japanese Anime & Manga|Ikki Kurogane is known by what nickname at the beginning of "Chivalry of a Failed Knight"?|Worst One
Entertainment: Japanese Anime & Manga|Clefairy was intended to be Ash's starting Pokémon in the pilot episode of the cartoon.|True
Entertainment: Japanese Anime & Manga|What is the name of the school in the anime and manga "Gosick"?|St. Marguerite
Entertainment: Japanese Anime & Manga|What was Ash Ketchum's second Pokemon?|Caterpie
Entertainment: Japanese Anime & Manga|What song plays in the ending credits of the anime "Ergo Proxy"?|Paranoid Android
Entertainment: Japanese Anime & Manga|In "Highschool DxD", what is the name of the item some humans are born with?|Sacred Gear
Entertainment: Japanese Anime & Manga|In "Little Witch Academia", what is Shiny Chariot's alias at Luna Nova Academy?|Ursula Callistis
Entertainment: Japanese Anime & Manga|In "Jewelpet Sunshine", what is the song that plays when Kanon and her friends bust out of prison?|I Don't Want to Miss a Thing
Entertainment: Japanese Anime & Manga|Which Pokémon and it's evolutions were banned from appearing in a main role after the Episode 38 Incident?|The Porygon Line
Entertainment: Japanese Anime & Manga|What year does Part 7 of "JoJo's Bizarre Adventure" take place in?|1890
Entertainment: Japanese Anime & Manga|The two main characters of "No Game No Life", Sora and Shiro, together go by what name?|Blank
Entertainment: Japanese Anime & Manga|In "Toriko", which of the following Heavenly Kings has an enhanced sense of Hearing?|Zebra
Entertainment: Japanese Anime & Manga|How many "JoJos" that are protagonists are there in the series "Jojo's Bizarre Adventure"?|8+
Entertainment: Japanese Anime & Manga|Who was the Author of the manga Monster Hunter Orage?|Hiro Mashima
Entertainment: Japanese Anime & Manga|In the "Toaru Kagaku no Railgun" anime,  espers can only reach a maximum of level 6 in their abilities.|False
Entertainment: Japanese Anime & Manga|The animated film "Spirited Away" won the Academy Award for Best Animated Feature at the 75th Academy Awards in 2003.|True
Entertainment: Japanese Anime & Manga|Which JoJo's Bizarre Adventure character possesses the Stand named Silver Chariot?|Jean Pierre Polnareff
Entertainment: Japanese Anime & Manga|Studio Ghibli is a Japanese animation studio responsible for the films "Wolf Children" and "The Boy and the Beast".|False
Entertainment: Japanese Anime & Manga|In the anime, Full Metal Panic!, who is Kaname's best friend?|Kyoko Tokiwa
Entertainment: Japanese Anime & Manga|In "Toriko", which of the following foods is knowingly compatible with Toriko?|Poison Potato
Entertainment: Japanese Anime & Manga|What year was "JoJo's Bizarre Adventure: Phantom Blood" first released?|1987
Entertainment: Japanese Anime & Manga|Which of the stands from "JoJo's Bizarre Adventure" mimics the likeness of a tomato?|Pearl Jam
Entertainment: Japanese Anime & Manga|In the anime Assassination Classroom what is the class that Korosensei teaches?|Class 3-E
Entertainment: Japanese Anime & Manga|In Ms. Kobayashi's Dragon Maid, who is Kobayashi's maid?|Tohru
Entertainment: Japanese Anime & Manga|Who is the armored titan in "Attack On Titan"?|Reiner Braun
Entertainment: Japanese Anime & Manga|What year did "Attack on Titan" first air?|2013
Entertainment: Japanese Anime & Manga|In the anime "My Hero Academia", which character is shown with the ability to manipulate gravity?|Uraraka
Entertainment: Japanese Anime & Manga|In Pokémon Chronicles, why was Misty afraid of Gyarados?|She crawled into it's mouth as a baby.
Entertainment: Japanese Anime & Manga|In "JoJo's Bizarre Adventure", which of the following Stands does NOT have a time-based ability?|20th Century Boy
Entertainment: Japanese Anime & Manga|In "Puella Magi Madoka Magica", what is the first name of Madoka's younger brother?|Tatsuya
Entertainment: Japanese Anime & Manga|The anime Attack on Titan was directed by Tetsurō Araki, the same person who directed the anime Highschool of the Dead.|True
Entertainment: Japanese Anime & Manga|In Pokémon, Ash's Pikachu refuses to go into a pokeball.|True
Entertainment: Japanese Anime & Manga|In 2013, virtual pop-star Hatsune Miku had a sponsorship with which pizza chain?|Domino's
Entertainment: Japanese Anime & Manga|Satella in "Re:Zero" is the witch of what?|Envy
Entertainment: Japanese Anime & Manga|Which of the following countries does "JoJo's Bizarre Adventure: Stardust Crusaders" not take place in?|Philippines
Entertainment: Japanese Anime & Manga|Who was a voice actor for the English dubbing of HOWL'S MOVING CASTLE (2004)?|Christian Bale
Entertainment: Japanese Anime & Manga|What name is the main character Chihiro given in the 2001 movie "Spirited Away"?|Sen (Thousand)
Entertainment: Japanese Anime & Manga|What is the name of the stuffed lion in Bleach?|Kon
Entertainment: Japanese Anime & Manga|No Game No Life first aired in 2014.|True
Entertainment: Japanese Anime & Manga|Which studio animated Soul Eater?|Bones
Entertainment: Japanese Anime & Manga|Who voices the character "Reigen"  in the English dub of "Mob Psycho 100"?|Chris Niosi
Entertainment: Japanese Anime & Manga|Which animation studio animated "Psycho Pass"?|Production I.G
Entertainment: Japanese Anime & Manga|In "A Certain Scientific Railgun", how many "sisters" did Accelerator have to kill to achieve the rumored level 6?|20,000
Entertainment: Japanese Anime & Manga|Which animation studio animated the 2016 anime "Mob Psycho 100"?|Bones
Entertainment: Japanese Anime & Manga|When was the first episode of Soul Eater released?|2008
Entertainment: Japanese Anime & Manga|In "Hunter x Hunter", which of the following is NOT a type of Nen aura?|Restoration
Entertainment: Japanese Anime & Manga|Aoi Miyamori is the production manager of what anime in "Shirobako"?|The Third Aerial Girls Squad
Entertainment: Japanese Anime & Manga|What year did "Attack on Titan" Season 2 begin airing?|2017
Entertainment: Japanese Anime & Manga|On what medium was "Clannad" first created?|Visual novel
Entertainment: Japanese Anime & Manga|Which of the following manga have the most tankouban volumes?|Golgo 13
Entertainment: Japanese Anime & Manga|In "Highschool DxD", Koneko Toujou is from what race?|Nekomata
Entertainment: Japanese Anime & Manga|In the 9th Pokemon movie, who is the Prince of the Sea?|Manaphy
Entertainment: Japanese Anime & Manga|In the anime Noragami who is one of the main protagonists?|Yukine
Entertainment: Japanese Anime & Manga|Which one of these characters is from "Legendz : Tale of the Dragon Kings"?|Shiron
Entertainment: Japanese Anime & Manga|In "A Certain Magical Index," what is Accelerator able to control?|Vectors
Entertainment: Japanese Anime & Manga|Akatsuki's subclass in "Log Horizon" is what?| Tracker
Entertainment: Japanese Anime & Manga|Which anime did Seiji Kishi NOT direct?|Another
Entertainment: Japanese Anime & Manga|Which studio animated Afro Samurai?|Gonzo
Entertainment: Japanese Anime & Manga|Who wrote and directed the animated movie "Spirited Away" (2001)?|Hayao Miyazaki
Entertainment: Japanese Anime & Manga|The anime "Lucky Star" follows the story of one girl who is unaware she is God.|False
Entertainment: Japanese Anime & Manga|What is the age of Ash Ketchum in Pokemon when he starts his journey?|10
Entertainment: Japanese Anime & Manga|Who is the main heroine of the anime, Full Metal Panic!|Kaname Chidori
Entertainment: Japanese Anime & Manga|In "Future Diary", what is the name of Yuno Gasai's Phone Diary?|Yukiteru Diary
Entertainment: Japanese Anime & Manga|What caused the titular mascot of Yo-Kai Watch, Jibanyan, to become a yokai?|Being run over by a truck
Entertainment: Japanese Anime & Manga|In the first episode of Yu-Gi-Oh: Duel Monsters, what book is Seto Kaiba seen reading at Domino High School?|Thus Spoke Zarathustra
Entertainment: Japanese Anime & Manga|In "One Piece", what does "the Pirate King" mean to the captain of the Straw Hat Pirates?|Freedom
Entertainment: Japanese Anime & Manga|In the anime "Mr. Osomatsu", how many brothers does Osomatsu-san have?|5
Entertainment: Japanese Anime & Manga|Which part from the JoJo's Bizarre Adventure manga is about a horse race across America?|Part 7: Steel Ball Run
Entertainment: Japanese Anime & Manga|What is the name of the corgi in Cowboy Bebop?|Einstein
Entertainment: Japanese Anime & Manga|In JoJo's Bizarre Adventure, winch character is able to accelerate time?|Enrico Pucci
Entertainment: Japanese Anime & Manga|In the "To Love-Ru" series, how many Trans-weapons were created?|3
Entertainment: Japanese Anime & Manga|Which of these is not a world in the anime "Buddyfight"?|Ancient Dragon World
Entertainment: Japanese Anime & Manga|In the "Sailor Moon" series, what is Sailor Jupiter's civilian name?|Makoto Kino
Entertainment: Japanese Anime & Manga|Which of the following films was NOT directed by Hayao Miyazaki?|Wolf Children
Entertainment: Japanese Anime & Manga|The heroine of "Humanity Has Declined" is a mediator between humans and what?|Fairies
Entertainment: Japanese Anime & Manga|Which studio made Cowboy Bebop?|Sunrise
Entertainment: Japanese Anime & Manga|Who voices "Shou Suzuki" in the English dub of "Mob Psycho 100"?|Casey Mongillo
Entertainment: Japanese Anime & Manga|Krusty is the guild master of which guild in "Log Horizon"?|D. D. D
Entertainment: Japanese Anime & Manga|Which of the following originated as a manga?|Akira
Entertainment: Japanese Anime & Manga|Druid is a mage class in "Log Horizon".|False
Entertainment: Japanese Anime & Manga|In "Highschool of the Dead", where did Komuro and Saeko establish to meet after the bus explosion?|Eastern Police Station
Entertainment: Japanese Anime & Manga|In the "To Love-Ru" series, Golden Darkness is sent to kill Lala Deviluke.|False
Entertainment: Japanese Anime & Manga|Which Japanese music group was formed to produce theme music for the anime "Guilty Crown"?|Egoist
Entertainment: Japanese Anime & Manga|What studio animated Fullmetal Alchemist?|Bones
Entertainment: Japanese Anime & Manga|The character Plum from "No Game No Life" is of what race?|Dhampir
Entertainment: Japanese Anime & Manga|Medaka Kurokami from "Medaka Box" has what abnormality?|The End
Entertainment: Japanese Anime & Manga|The main protagonist of the fourth part of JoJo's Bizarre Adventure is which of the following?|Josuke Higashikata
Entertainment: Japanese Anime & Manga|Who was the Author of the manga Uzumaki?|Junji Ito
Entertainment: Japanese Anime & Manga|What studio animated Ouran High School Host Club?|Bones
Entertainment: Japanese Anime & Manga|Which of the following anime of the mecha genre began airing in 1982?|The Super Dimension Fortress Macross
Entertainment: Japanese Anime & Manga|Who was the Director of the 1988 Anime film "Grave of the Fireflies"?|Isao Takahata
Entertainment: Japanese Anime & Manga|In the "Melancholy of Haruhi Suzumiya" series, the narrator goes by the nickname Kyon.|True
Entertainment: Japanese Anime & Manga|What is the name of the device that allows for infinite energy in the anime "Dimension W"?|Coils
Entertainment: Japanese Anime & Manga|What is the name of the main character of the anime "One-Punch Man"?|Saitama
Entertainment: Japanese Anime & Manga|In the anime Initial D, how does Takumi Fujiwara describe a drift?|'. . . the front tires slide so the car won't face the inside'
Entertainment: Japanese Anime & Manga|In "Black Lagoon", what colour is Rock's tie?|Teal
Entertainment: Japanese Anime & Manga|Who is the colossal titan in "Attack On Titan"?|Bertolt Hoover
Entertainment: Japanese Anime & Manga|In the anime Black Butler, who is betrothed to be married to Ciel Phantomhive?|Elizabeth Midford
Entertainment: Japanese Anime & Manga|In "Inuyasha", what are the heros are looking to collect?|Jewel Shards
Entertainment: Japanese Anime & Manga|What sport is being played in the Anime Eyeshield 21?|American Football
Entertainment: Japanese Anime & Manga|In what year did the manga "Ping Pong" begin serialization?|1996
Entertainment: Japanese Anime & Manga|In the 1988 film "Akira", Tetsuo ends up destroying Tokyo.|True
Entertainment: Japanese Anime & Manga|Which person from "JoJo's Bizarre Adventure" does NOT house a reference to a band, artist, or song earlier than 1980?|Giorno Giovanna
Entertainment: Japanese Anime & Manga|What animation studio produced "Gurren Lagann"?|Gainax
Entertainment: Japanese Anime & Manga|Which anime heavily features music from the genre "Eurobeat"?|Initial D
Entertainment: Japanese Anime & Manga|The "To Love-Ru" Manga was started in what year?|2006
Entertainment: Japanese Anime & Manga|The main protagonist of the fifth part of JoJo's Bizarre Adventure is which of the following?|Giorno Giovanna
Entertainment: Japanese Anime & Manga|How does the character Dragowizard, Qinus Axia's from the anime "Buddyfight" differ between the Japanese and English dubs?|Different Gender
Entertainment: Japanese Anime & Manga|Who is the main character in One Piece?|Luffy
Entertainment: Japanese Anime & Manga|In "The Melancholy of Haruhi Suzumiya" series, the SOS Brigade club leader is unknowingly treated as a(n) __ by her peers.|God
Entertainment: Japanese Anime & Manga|In Digimon, what is the Japanese name for the final evolutionary stage?|Ultimate
Entertainment: Japanese Anime & Manga|In the anime, "Super Sonico", what is Super Sonico's favorite food?|Macroons
Entertainment: Japanese Anime & Manga|Who is the author of the manga series "Astro Boy"?|Osamu Tezuka
Entertainment: Japanese Anime & Manga|In "Hunter x Hunter", what are members in Killua's family known for being?|Assassins
Entertainment: Japanese Anime & Manga|"Silhouette", a song performed by the group 'KANA-BOON' is featured as the sixteenth opening of which anime?|Naruto: Shippūden
Entertainment: Japanese Anime & Manga|In Kill La Kill, the weapon of the main protagonist is a katana. |False
Entertainment: Japanese Anime & Manga|In "One Piece", which one of the following is NOT an Ancient Weapon?|Jupiter
Entertainment: Japanese Anime & Manga|In the "Dragon Ball" franchise, what is the name of Goku's brother?|Raditz
Entertainment: Japanese Anime & Manga|Who was given the title "Full Metal" in the anime series "Full Metal Alchemist"?|Edward Elric
Entertainment: Japanese Anime & Manga|In the series JoJo's Bizarre Adventure, which main character makes the greatest number of recurring appearances?|Jotaro Kujo
Entertainment: Japanese Anime & Manga|In Full Metal Panic!, Whispered are those who are capable of creating Black Technology.|True
Entertainment: Japanese Anime & Manga|Which animation studio animated "Hidamari Sketch"?|Shaft
Entertainment: Japanese Anime & Manga|In the "To Love-Ru" series, Peke is considered a female robot.|True
Entertainment: Japanese Anime & Manga|In the "Toaru Majutsu no Index" anime, Touma Kamijou is a level 0 esper that has the ability to do what?|Dispell any esper or magical powers
Entertainment: Japanese Anime & Manga|In "To Love-Ru", Ren and Run are from what planet?|Memorze
Entertainment: Japanese Anime & Manga|What year did the anime "Himouto! Umaru-chan" air?|2015
Entertainment: Japanese Anime & Manga|In "One Piece", who confirms the existence of the legendary treasure, One Piece?|Edward "Whitebeard" Newgate
Entertainment: Japanese Anime & Manga|Winch of these names are not a character of JoJo's Bizarre Adventure?|JoJo Kikasu
Entertainment: Japanese Anime & Manga|What is the name of the protagonist of the 2017 anime "Land of the Lustrous"?|Phosphophyllite
Entertainment: Japanese Anime & Manga|Which animation studio produced "Sword Art Online"?|A-1 Pictures
Entertainment: Japanese Anime & Manga|Which animation studio animated "To Love-Ru"?|Xebec
Entertainment: Japanese Anime & Manga|Who is the main character with yellow hair in the anime Naruto?|Naruto
Entertainment: Japanese Anime & Manga|Kiznaiver is an adaptation of a manga.|False
Entertainment: Japanese Anime & Manga|What was studio Trigger's first original long-form animated series for television?|Kill la Kill
Entertainment: Japanese Anime & Manga|In Dragon Ball Z, who was the first character to go Super Saiyan 2?|Gohan
Entertainment: Japanese Anime & Manga|Who is the creator of the manga series "One Piece"?|Eiichiro Oda
Entertainment: Japanese Anime & Manga|What is the theme song of "Neon Genesis Evangelion"?|A Cruel Angel's Thesis
Entertainment: Japanese Anime & Manga|In the "Re:Zero" manga series, which of the following Sin Archbishops eats Rem's existence?|Ley Batenkaitos
Entertainment: Japanese Anime & Manga|What is the name of JoJo's Bizarre Adventure Part 5?|Vento Aureo
Entertainment: Japanese Anime & Manga|In "To Love-Ru: Darkness", Yami reveals her real name is Eve.|True
Entertainment: Japanese Anime & Manga|What year did "Bishoujo Senshi Sailor Moon" air in Japan?|1992
Entertainment: Japanese Anime & Manga|Who is the horror manga artist who made Uzumaki?|Junji Ito
Entertainment: Japanese Anime & Manga|In JoJo's Bizarre Adventure, who says "Yare yare daze"?|Jotaro Kujo
Entertainment: Japanese Anime & Manga|The character Momonga from the "Overlord" series orders his servants to call him by what name?|Ainz Ooal Gown
Entertainment: Japanese Anime & Manga|What was the reason for the banning of episode 35 of the "Pokémon Original Series" Anime?|Gun Usage
Entertainment: Japanese Anime & Manga|In the Overlord Anime who was Cocytus made by?|Warrior Takemikazuchi
Entertainment: Japanese Anime & Manga|Gosho Aoyama Made This Series: (Detective Conan / Case Closed!)|True
Entertainment: Japanese Anime & Manga|What colour hair does the main character of the Yu-Gi-Oh! original anime series have?|Red, black and yellow
Entertainment: Japanese Anime & Manga|In "One Piece", who is the girl who overcame her enslaved past and became an agent of an army to fight the corrupt government?|Koala
Entertainment: Japanese Anime & Manga|In the Naruto manga, what is the last name of Tsunade?|Senju
Entertainment: Japanese Anime & Manga|Which of these anime have over 7,500 episodes?|Sazae-san
Entertainment: Japanese Anime & Manga|The name of the attack "Kamehameha" in Dragon Ball Z was named after a famous king of Hawaii.|True
Entertainment: Japanese Anime & Manga|In "Love Live: School Idol Project" what pseudonym does Kotori Minami use in her job as a maid?|Minalinsky
Entertainment: Japanese Anime & Manga|The character Plum from "No Game No Life" is a girl.|False
Entertainment: Japanese Anime & Manga|The protagonist in "Humanity Has Declined" has no discernable name and is simply referred to as 'I' for most of the series.|True
Entertainment: Japanese Anime & Manga|Which song was the callsign for Stefan Verdemann's KWFM radio station in Urasawa Naoki's "Monster"?|Over the Rainbow
Entertainment: Japanese Anime & Manga|Which animation studio produced "Log Horizon"?|Satelite
Entertainment: Japanese Anime & Manga|In "Fairy Tail", what is the nickname of Natsu Dragneel?|The Salamander
Entertainment: Japanese Anime & Manga|What is the name of the final villain in the manga series "Bleach"?|Yhwach
Entertainment: Japanese Anime & Manga|In "JoJo's Bizzare Adventure: Stardust Crusaders", what is the last name of the protagonist Jotaro?|Kujo
Entertainment: Japanese Anime & Manga|In "JoJo's Bizarre Adventure", Father Enrico Pucchi uses a total of 3 stands in Part 6: Stone Ocean.|True
Entertainment: Japanese Anime & Manga|In the 2012 animated film "Wolf Children", what are the names of the wolf children?|Ame & Yuki
Entertainment: Japanese Anime & Manga|In Chobits, Hideki found Chii in his apartment.|False
Entertainment: Japanese Anime & Manga|Who is the true moon princess in Sailor Moon?|Sailor Moon
Entertainment: Japanese Anime & Manga|In which manga did the "404 Girl" from 4chan originate from?|Yotsuba&!
Entertainment: Japanese Anime & Manga|In "Shakugan no Shana" what was the Shana usually referred as?|Flame-Haired Burning-Eyed Hunter
Entertainment: Japanese Anime & Manga|In the 2011 TV anime series, "THE iDOLM@STER", what was the name of Iori's stuffed toy bunny?|Charles
Entertainment: Japanese Anime & Manga|The name of Junko Enoshima's imposter at the beginning of Danganronpa: Trigger Happy Havoc is?|Mukuro Ikusaba
Entertainment: Japanese Anime & Manga|Which band name isn't a Stand in "JoJo's Bizzare Adventure"?|AC/DC
Entertainment: Japanese Anime & Manga|The characters of "Log Horizon" are trapped in what game?|Elder Tale
Entertainment: Japanese Anime & Manga|What is the name of Funny Valentine's stand in Jojo's Bizarre Adventure Part 7, Steel Ball Run?|Dirty Deeds Done Dirt Cheap
Entertainment: Japanese Anime & Manga|In the "Kagerou Daze" series, Shintaro Kisaragi is prominently shown with the color red.|True
Entertainment: Japanese Anime & Manga|What is the last name of Edward and Alphonse in the Fullmetal Alchemist series.|Elric
Entertainment: Japanese Anime & Manga|In Haikyuu!!, who is not a member of Karasuno VBC?|Shigeru Yahaba
Entertainment: Japanese Anime & Manga|In the anime series "Full Metal Alchemist", what do Alchemists consider the greatest taboo?|Human Transmutation 
Entertainment: Japanese Anime & Manga|In the ADV (English) Dub of the anime "Ghost Stories", which character is portrayed as a Pentacostal Christian?|Momoko Koigakubo
Entertainment: Japanese Anime & Manga|In the anime Seven Deadly Sins what is the name of one of the sins?|Diane
Entertainment: Japanese Anime & Manga|Which animation studio produced the anime adaptation of "xxxHolic"?|Production I.G
Entertainment: Japanese Anime & Manga|Which one of these Manga titles was not created by Urasawa Naoki?|My Father's Journal
Entertainment: Japanese Anime & Manga|What is the last line muttered in the anime film "The End of Evangelion"?|"How disgusting."
Entertainment: Video Games|In the Pokémon series, what is Palkia's hidden ability?|Telepathy
Entertainment: Video Games|Which of the following is NOT one of the main characters in Grand Theft Auto V’s story mode?|Tommy Vercetti
Entertainment: Video Games|David Baszucki was a co-founder of ROBLOX Corporation.|True
Entertainment: Video Games|In Monster Hunter Generations, guild style is a type of hunting style.|True
Entertainment: Video Games|What video game engine does the videogame Quake 2 run in?|iD Tech 2
Entertainment: Video Games|Which gaming series includes "The Diabolical Box" and "The Curious Village"?|Professor Layton
Entertainment: Video Games|What is the name of your team in Star Wars: Republic Commando?|Delta Squad
Entertainment: Video Games|Rincewind from the 1995 Discworld game was voiced by which member of Monty Python?|Eric Idle
Entertainment: Video Games|What is the lowest amount of max health you can have in Team Fortress 2?|70
Entertainment: Video Games|In the video game DOTA 2, which of these is NOT a hero?|Dragon Champion
Entertainment: Video Games|Which of these blocks in "Minecraft" has the lowest blast resistance?|Sand
Entertainment: Video Games|In "Xenoblade Chronicles 2", Which party member cannot use normal blades?|Tora
Entertainment: Video Games|Who is credited with having created the world's first video game Easter Egg?|Warren Robinett
Entertainment: Video Games|Which of the following names is the "Mega Man" Franchise known as in Japan?|Rockman
Entertainment: Video Games|In Danganronpa: Trigger Happy Havoc, what is the protagonist's name?|Makoto Naegi
Entertainment: Video Games|In the video game franchise "Halo", what is the UNSC's main opposing faction called?|The Covenant
Entertainment: Video Games|Which of the following is NOT an official game in Nintendo's Super Smash Bros. series?|Super Smash Bros. Crusade
Entertainment: Video Games|When was "Garry's Mod" released?|December 24, 2004
Entertainment: Video Games|In Night in the Woods, which instrument did Casey play?|Drums
Entertainment: Video Games|Which of these characters is the mascot of the video game company SEGA?|Sonic the Hedgehog
Entertainment: Video Games|Which character was introduced to the Super Smash Bros franchise in Super Smash Bros Melee?|Sheik
Entertainment: Video Games|In Team Fortress 2, being disguised as a scout or medic results in a speed boost.|False
Entertainment: Video Games|Which of the following characters from the game "Overwatch" was revealed to be homosexual in December of 2016?|Tracer
Entertainment: Video Games|What was the code name for the "Nintendo Gamecube"?|Dolphin
Entertainment: Video Games|In Super Mario RPG: Legend of The Seven Stars, what is Geno's real name?|♡♪!?
Entertainment: Video Games|What year was the game "Overwatch" revealed?|2014
Entertainment: Video Games|Which Greek letter represents the "Half-Life" logo?|Lambda
Entertainment: Video Games|Who developed the 2016 farming RPG "Stardew Valley"?|Eric Barone
Entertainment: Video Games|The voice actor for which Portal 2 character was not a TV or film actor prior to the game?|GLaDOS
Entertainment: Video Games|What's the Team Fortress 2 Scout's city of origin?|Boston
Entertainment: Video Games|When was Pokemon GO released in North America?|July 6th, 2016
Entertainment: Video Games|The Indie Game Development Studio Cing, developers of Hotel Dusk and Last Window, went bankrupt on March 1st, 2010.|True
Entertainment: Video Games|Which of the following games in the The Legend of Zelda franchise was released in North America before Japan?|The Legend of Zelda: Twilight Princess
Entertainment: Video Games|Which of the following Terran units from the RTS game Starcraft was first introduced in the expansion Brood War?|Medic
Entertainment: Video Games|In "Super Mario Sunshine", how do you unlock the "Corona Mountain" level?|By clearing every 7th episode
Entertainment: Video Games|In the "Call Of Duty: Zombies" map "Origins", where is "Stamin-Up" located?|Generator 5
Entertainment: Video Games|Which game in the "Monster Hunter" series introduced the monster "Gobul"?|Monster Hunter Tri
Entertainment: Video Games|In the video game "Team Fortress 2", which class is able to double jump?|Scout
Entertainment: Video Games|Which ones of these Mario Kart games was made for the Gameboy Advance?|Mario Kart: Super Circuit
Entertainment: Video Games|In Half-Life 2, if you play the zombies' speech in reverse, they actually speak coherent English.|True
Entertainment: Video Games|What is Pikachu's National PokéDex Number?|#025
Entertainment: Video Games|In Portal, the Companion Cube's ARE sentient.|True
Entertainment: Video Games|What household item make the characters of "Steins; Gate" travel through time?|Microwave
Entertainment: Video Games|Valve Corporation is an American video game developer located in which city?|Bellevue, Washington
Entertainment: Video Games|In the game "Persona 4", what is the canonical name of the protagonist?|Yu Narukami
Entertainment: Video Games|In the SHMUP series, "Gradius", what is the name of the antagonist faction you fight against?|Bacterion
Entertainment: Video Games|Who is the leader of Team Valor in Pokémon Go?|Candela
Entertainment: Video Games|In "Kingdom Hearts", who abducts Jasmine in the Lamp Chamber?|Riku
Entertainment: Video Games|When Halo 3: ODST was unveiled in 2008, it had a different title. What was the game formally called?|Halo 3: Recon
Entertainment: Video Games|What is the last name of the primary female protagonist of Final Fantasy VIII?|Heartilly
Entertainment: Video Games|What system was "Touhou: Highly Responsive to Prayers" released on?|PC-98
Entertainment: Video Games|What was the first game ever released that ran on the Source engine?|Counter-Strike: Source
Entertainment: Video Games|In the Super Mario Bros. Series, what is Yoshi's scientific name?|T. Yoshisaur Munchakoopas
Entertainment: Video Games|Which of these stages is not playable in "Super Smash Bros. for Wii U"?|Fountain of Dreams
Entertainment: Video Games|In 2004, which person(s) created "Roblox"?|David Baszucki and Erik Cassel
Entertainment: Video Games|What is the default name of the Vampire character in "Shining Soul 2".|Bloodstar
Entertainment: Video Games|How much does the 'AWP' cost in Counter-Strike: Global Offensive?|$4750
Entertainment: Video Games|Which "Call Of Duty: Zombies" map introduced the "Staffs Of The Ancients"?|Origins
Entertainment: Video Games|In Skylanders Giants, why was Zaps' Wow Pow named "For Riley" ?|As a tribute to a fan who passed away
Entertainment: Video Games|What was the nickname of the original model for Half-Life's protagonist Gordon Freeman?|Ivan the Space Biker
Entertainment: Video Games|In the "Call Of Duty: Zombies" map "Origins", how many steps are there to upgrade a Staff?|4
Entertainment: Video Games|In The Elder Scrolls V: Skyrim, who is the jester in the dark brotherhood?|Cicero
Entertainment: Video Games|Which Kingdom Hearts game featured the cast of "The World Ends With You"?|Dream Drop Distance
Entertainment: Video Games|"Minecraft" was released from beta in 2011 during a convention held in which city?|Las Vegas
Entertainment: Video Games|Which Sonic the Hedgehog game introudced Knuckles the Echidna?|Sonic the Hedgehog 3
Entertainment: Video Games|Meryl Silverburgh, a video game character from the Metal Gear series, was originally a character in which game?|Policenauts
Entertainment: Video Games|The rights to the "Rayman" series are owned by which company?|Ubisoft
Entertainment: Video Games|Nintendo started out as a playing card manufacturer.|True
Entertainment: Video Games|In the Mario Kart series, which game introduced the "Shield Drifting" mechanic?|Mario Kart Arcade GP DX
Entertainment: Video Games|In "Mario & Sonic at the Olympic Games", characters are split into how many types?|4
Entertainment: Video Games|Who is the protagonist of the videogame "Dead Rising 2"?|Chuck Greene
Entertainment: Video Games|Who is the main character in the video game "Just Cause 3"?|Rico Rodriguez
Entertainment: Video Games|What is the browser game Kantai Collection heavily inspired by?|Second World War
Entertainment: Video Games|In the "Half-Life" series, "H.E.V" stands for "Hazardous Evasiveness Vest"|False
Entertainment: Video Games|What was the name of the first MMORPG to popularize the genre?|Ultima Online
Entertainment: Video Games|When was "Luigi's Mansion 3" released?|October 31st, 2019
Entertainment: Video Games|Who created Agent 47 in the game series "Hitman"?|Dr. Otto Wolfgang Ort-Meyer
Entertainment: Video Games|Who published the 1998 video game Half-Life?|Sierra On-Line
Entertainment: Video Games|What is the name of Joel's daughter in the game, "The Last of Us"? |Sarah
Entertainment: Video Games|Tony Hawk's extreme sports videogames revolve around performing professional BMX tricks.|False
Entertainment: Video Games|What is the full name of the protagonist from the indie adventure game "Night in the Woods"?|Margaret Borowski
Entertainment: Video Games|The 2005 video game "Call of Duty 2: Big Red One" is not available on PC.|True
Entertainment: Video Games|In the Super Mario series, the character Pauline is a Princess like Princess Peach.|False
Entertainment: Video Games|Which Animal Crossing game was for the Nintendo Wii?|Animal Crossing: City Folk
Entertainment: Video Games|What was the first video game in the Batman "Arkham" series?|Arkham Asylum
Entertainment: Video Games|In "Sonic Adventure", you are able to transform into Super Sonic at will after completing the main story.|False
Entertainment: Video Games|In the "Pikmin" games, which of the following pikmin colors lacks it's own "Onion" nest?|Purple
Entertainment: Video Games|Rebecca Chambers does not appear in any Resident Evil except for the original Resident Evil and the Gamecube remake.|False
Entertainment: Video Games|How many controllers could a Nintendo GameCube have plugged in at one time?|4
Entertainment: Video Games|In "Call Of Duty: Zombies", what is the name of the machine that upgrades weapons?|Pack-A-Punch
Entertainment: Video Games|The protagonist in the game "Cave Story" is named|Quote
Entertainment: Video Games|In the Zombies mode of "Call of Duty: Black Ops", what is the "Pack-A-Punched" version of the "Galil" called?|Lamentation
Entertainment: Video Games|In "Team Fortress 2", the "Bill's Hat" is a reference to the game "Dota 2".|False
Entertainment: Video Games|If you play the Super Mario RPG and nap in a rented hotel room, you will wake up next to what familiar looking character?|Link
Entertainment: Video Games|During the events of Half-Life: Opposing Force, what is the age of Adrian Shephard, the protagonist?|22
Entertainment: Video Games|Who composed the soundtrack for the game VVVVVV?|Magnus Pålsson
Entertainment: Video Games|In the Assassin's Creed series,what was the name of Desmond Miles given by Abstergo?|Subject 17
Entertainment: Video Games|Which monster in "Monster Hunter Tri" was causing earthquakes in Moga Village?|Ceadeus
Entertainment: Video Games|Which company did Bethesda purchase the Fallout Series from?|Interplay Entertainment 
Entertainment: Video Games|What is the plane of existence in MicroProse's 1997 "Magic the Gathering"?|Shandalar
Entertainment: Video Games|What is the name the location-based augmented reality game developed by Niantic before Pokémon GO?|Ingress
Entertainment: Video Games|What was the FIRST Valve game to have VR?|The Lab
Entertainment: Video Games|In Call Of Duty: Black Ops II, who is the main antagonist?|Raul Menéndez 
Entertainment: Video Games|In "Call Of Duty: World At War", the first appearance of the "PPSH-41" in "Zombies" was in the map "Der Riese".|False
Entertainment: Video Games|When was the video game publisher "Ubisoft" founded ?|March 1986
Entertainment: Video Games|In what Half-Life expansion can you find Gordon's picture in an "Employee of the Month" picture frame?|Half-Life: Opposing Force
Entertainment: Video Games|What character is NOT apart of the Grand Theft Auto series?|Michael Cardenas
Entertainment: Video Games|In what year was the first "Mass Effect" game released?|2007
Entertainment: Video Games|In the 2015 RPG "Undertale", which character do you first encounter after falling down into the underground?|Flowey
Entertainment: Video Games|In World of Warcraft lore, who was first to have the title "The Ashbringer"?|Alexandros Mograine
Entertainment: Video Games|Luigi is taller than Mario?|True
Entertainment: Video Games|Who is the protagonist in the game "The Walking Dead: Season One"?|Lee Everett
Entertainment: Video Games|In the "PAYDAY" series, what is the real name of the character known as "Dallas"?|Nathan Steele
Entertainment: Video Games|What year was Super Mario Bros. released?|1985
Entertainment: Video Games|Nintendo's Luigi was originally just called Green Mario?|False
Entertainment: Video Games|In Disney's "Toontown Online", which of these species wasn't available as a Toon?|Cow
Entertainment: Video Games|Pac-Man was invented by the designer Toru Iwatani while he was eating pizza.|True
Entertainment: Video Games|In which year did the first Monster Hunter game get released?|2004
Entertainment: Video Games|Where are Terror Fiends more commonly found in the Nintendo game Miitopia?|New Lumos
Entertainment: Video Games|In the video game "League of Legends" which character is known as "The Sinister Blade"?|Katarina
Entertainment: Video Games|What is the main ship used by Commander Shepard in the Mass Effect Franchise called?|Normandy
Entertainment: Video Games|Which of these characters was almost added into Super Smash Bros. Melee, but not included as the game was too far in development?|Solid Snake
Entertainment: Video Games|In "Resident Evil 2", which virus was William Birkin mutated by?|G-Virus
Entertainment: Video Games|Which of the following Copy Abilities was only featured in "Kirby & The Amazing Mirror"?|Mini
Entertainment: Video Games|Which of these is not a wonder weapon in "Call Of Duty: Zombies"?|R115 Resonator
Entertainment: Video Games|What is the first primary weapon the player gets in "PAYDAY: The Heist"?|AMCAR-4
Entertainment: Video Games|Which of these Generation 1 Pokemon did NOT have an evolution in Generation 4?|Jynx
Entertainment: Video Games|Which of these is NOT a game under the Worms series?|Major Malfunction
Entertainment: Video Games|Which Dota 1 hero changed gender when ported to Dota 2?|Legion Commander
Entertainment: Video Games|In "Call of Duty: Black Ops III" Zombies, what does completing all the main easter eggs reward you with?|1,000,000 XP
Entertainment: Video Games|Which Kirby game first introduced Copy Abilities?|Kirby's Adventure
Entertainment: Video Games|In "Magicka", which two elements are combined to cast the spell, "Nullify"?|Arcane + Shield
Entertainment: Video Games|In which game does a character say, "Sometimes, I dream about cheese"?|Half Life 2
Entertainment: Video Games|What's the famous line Vaas says in "Far Cry 3"?|Did I ever tell you the definition of Insanity?
Entertainment: Video Games|In Kingdom Hearts the Paopu fruit is said to intertwine the destinies for two people forever.|True
Entertainment: Video Games|In Counter Strike: Global Offensive, what is the code implanted onto the C4 as the Terrorists plant the bomb?|7355608
Entertainment: Video Games|Which "Perk-A-Cola" in "Call Of Duty: Zombies" was "reworked" in "Call of Duty: Black Ops II"?|Double Tap Root Beer
Entertainment: Video Games|Which Game Development company made No Man's Sky?|Hello Games
Entertainment: Video Games|In the game "Cave Story," what is the character Balrog's catchphrase?|Huzzah!
Entertainment: Video Games|Which of these Counter-Strike maps is a bomb defuse scenario?|Prodigy
Entertainment: Video Games|In Heroes of the Storm, the Cursed Hollow map gimmick requires players to kill the undead to curse the enemy team.|False
Entertainment: Video Games|In the Kingdom Heart series who provides the english voice for Master Eraqus?|Mark Hamill
Entertainment: Video Games|In "Team Fortress 2", how much health does a scout have when overhealed?|185
Entertainment: Video Games|Which unlockable character in Super Smash Bros. For Wii U and 3DS does not have to be fought to be unlocked?|Mii Fighters
Entertainment: Video Games|The Sniper's SMG in Team Fortress 2, was originally intended to be the Scout's primary weapon.|True
Entertainment: Video Games|In "Super Mario 3D World", the Double Cherry power-up originated from a developer accidentally making two characters controllable.|True
Entertainment: Video Games|What is the 4th boss in the 1997 video game "Crash Bandicoot 2: Cortex Strikes Back"?|Dr. N. Gin
Entertainment: Video Games|In Rocket League, you can play Basketball.|True
Entertainment: Video Games|Who is the main character of the game Half-Life: Opposing Force?|Adrian Shephard
Entertainment: Video Games|What was the first weapon pack for "PAYDAY 2"?|The Gage Weapon Pack #1
Entertainment: Video Games|Several characters in "Super Mario 64" blink their eyes, including Mario himself.|True
Entertainment: Video Games|Codemasters is the developer of the Gran Turismo series.|False
Entertainment: Video Games|Which character in the "Animal Crossing" series uses the phrase "zip zoom" when talking to the player?|Scoot
Entertainment: Video Games|What is the real name of "Warhead" in the Sega Genesis game "Vectorman"?|Raster
Entertainment: Video Games|Which pop singer was brought in by SEGA to produce the music for "Sonic the Hedgehog 3"?|Michael Jackson 
Entertainment: Video Games|What is the name of the 4-armed Chaos Witch from the 2016 video game "Battleborn"?|Orendi
Entertainment: Video Games|In Overwatch, how old is Reinhardt Wilhelm?|61
Entertainment: Video Games|In "Starbound", the track played by the Decorated Music Box is named "Atlas".|True
Entertainment: Video Games|In Forza Motorsport 6, which of these track-exclusive cars was NOT featured in the game, either originally with the game or added as DLC?|Aston Martin Vulcan
Entertainment: Video Games|What is the name of the creature that the main character befriends in "The Last Guardian"?|Trico
Entertainment: Video Games|League of Legends, DOTA 2, Smite and Heroes of the Storm are all part of which game genre?|Multiplayer Online Battle Arena (MOBA)
Entertainment: Video Games|Which Mario spin-off game did Waluigi make his debut?|Mario Tennis
Entertainment: Video Games|Which of these covert groups employs Sam Fisher to work as a Splinter Cell?|Third Echelon
Entertainment: Video Games|How many sets of grandmaster witcher gear are in The Witcher 3's Blood and Wine DLC?|5
Entertainment: Video Games|When was the video game "P.A.M.E.L.A." released on Steam?|March 9, 2017
Entertainment: Video Games|In Left 4 Dead, what is the name of the virus, as designated by CEDA, that causes most humans to turn into the Infected?|Green Flu
Entertainment: Video Games|The city of Rockport is featured in which of the following video games?|Need for Speed: Most Wanted (2005)
Entertainment: Video Games|In which order do you need to hit some Deku Scrubs to open the first boss door in "Ocarina of Time"?|2, 3, 1
Entertainment: Video Games|Which Final Fantasy game consisted of a female-only cast of party members?|Final Fantasy X-2
Entertainment: Video Games|In "Need for Speed III: Hot Pursuit", what is the name of the fictional car?|El Niño
Entertainment: Video Games|What ingredient is NOT used to craft a cake in Minecraft?|Bread
Entertainment: Video Games|In World of Warcraft lore, Thrall is the original wielder of "Doomhammer".|False
Entertainment: Video Games|Who was Tetris created by?|Alexey Pajitnov
Entertainment: Video Games|The original Planetside was released in North America on...|May 20, 2003
Entertainment: Video Games|TF2: The Medic will be credited for an assist if he heals a Spy that successfully saps a building.|True
Entertainment: Video Games|Which of these is NOT a playable character in "Left 4 Dead"?|Nick
Entertainment: Video Games|Which company made the Japanese RPG "Dragon Quest"?|Square Enix
Entertainment: Video Games|Which Overwatch character says the line "Heroes never die!"?|Mercy
Entertainment: Video Games|Who is the leader of Team Mystic in Pokémon Go?|Blanche
Entertainment: Video Games|In "Minecraft", gold tools are faster than diamond tools.|True
Entertainment: Video Games|Which of these songs does NOT play during the Ruins segments of the 2015 game "Undertale"?|Another Medium
Entertainment: Video Games|Which of the following characters is NOT playable in "Resident Evil 6"?|Jill Valentine
Entertainment: Video Games|Who is the main character of "Metal Gear Solid 3"?|Naked Snake
Entertainment: Video Games|Pistons were added to Minecraft in Beta 1.5.|False
Entertainment: Video Games|The Fiat Multipla is a drivable car in "Forza Horizon 3".|False
Entertainment: Video Games|In CoD: Black Ops III, what is the name of the rogue A.I. antagonist?|Corvus
Entertainment: Video Games|What military rank is the protagonist "Nomad" in "Crysis"?|First Lieutenant
Entertainment: Video Games|In the survival horror game, "Cry of Fear," what was the name of Simon's close friend/potential love interest?|Sophie
Entertainment: Video Games|The main character in the "Half-Life" franchise is named Morgan Freeman.|False
Entertainment: Video Games|What is Solid Snake's real name?|David
Entertainment: Video Games|What is the name of the currency in the "Animal Crossing" series?|Bells
Entertainment: Video Games|Who created the digital distribution platform Steam?|Valve
Entertainment: Video Games|Who is the main protagonist of "Ace Combat Zero: The Belkan War"?|Cipher
Entertainment: Video Games|Which of these characters is NOT a boss in Crash Bash?|Ripper Roo
Entertainment: Video Games|In the PAYDAY series, who is the iconic leader of the PAYDAY gang?|Dallas
Entertainment: Video Games|In which country's version of Half-Life are the HECU Marines replaced with robots?|Germany
Entertainment: Video Games|Which game did NOT get financed via Crowdfunding?|Enter the Gungeon
Entertainment: Video Games|The first "Metal Gear" game was released for the PlayStation 1.|False
Entertainment: Video Games|In the Video Game, Half-life, what type of US military force starts clearing out the Black Mesa Research Facility?|The HECU
Entertainment: Video Games|How many games in the Crash Bandicoot series were released on the original Playstation?|5
Entertainment: Video Games|Who is the protagonist in Dead Rising (2006)?|Frank West
Entertainment: Video Games|Which town was Seamus "Sledge" Cowden from "Tom Clancy's Rainbow Six Siege" born in?|John O'Groats
Entertainment: Video Games|How long was the World Record Speed Run of Valve Software's "Half-Life" that was done in 2014.|20 Minutes, 41 Seconds
Entertainment: Video Games|In the Gamecube Version of "Resident Evil" what text document is open on the monitor of the computer in the Visual Data Room?|A GDC Document
Entertainment: Video Games|Which of these is NOT the name of a rival gang in the video game Saint's Row 2?|The Zin Empire
Entertainment: Video Games|Which character, in the game "Morenatsu", has the most possible endings to their route, at a total of four different endings?|Shin Kuroi
Entertainment: Video Games|In "Call Of Duty: Zombies", "Richtofen" is in possession of two filled blood vials belonging to who?|Sal DeLuca and Finn O'Leary
Entertainment: Video Games|In vanilla Minecraft, which of the following cannot be made into a block?|Charcoal
Entertainment: Video Games|In "The Sims" series, the most members in a household you can have is 8.|True
Entertainment: Video Games|In the game series "The Legend of Zelda", what was the first 3D game?|Ocarina of Time
Entertainment: Video Games|What company develops the Rock Band series of rhythm games?|Harmonix
Entertainment: Video Games|In the PAYDAY series, where did Dallas start his criminal career?|Chicago, Illinois
Entertainment: Video Games|What ingredients are required to make a cake in Minecraft?|Milk, Sugar, Egg, and Wheat
Entertainment: Video Games|What was the character Kirby originally going to be named?|Popopo
Entertainment: Video Games|What was the first Super Mario game ever released in North America for the 3DS?|Super Mario 3D Land
Entertainment: Video Games|What snowy mob was added in Minecraft 1.10?|Polar bears
Entertainment: Video Games|"Gimmick!" is a Japanese Famicom game that uses a sound chip expansion in the cartridge. What is it called?|FME-7
Entertainment: Video Games|Who was the first jedi that Starkiller had to kill in Star Wars: The Force Unleashed?|Rahm Kota
Entertainment: Video Games|In the title of the game "Luigi's Mansion", what is the only letter to not appear with a pair of eyes in it?|s
Entertainment: Video Games|What is the protagonist's title given by the demons in DOOM (2016)?|Doom Slayer
Entertainment: Video Games|In Divinity: Original Sin II, what is the name of the skeletal origin character?|Fane
Entertainment: Video Games|Which video game earned music composer Mike Morasky the most awards for his work?|Portal 2
Entertainment: Video Games|How many zombies need to be killed to get the "Zombie Genocider" achievement in Dead Rising (2006)?|53,594
Entertainment: Video Games|In Call of Duty: Modern Warfare 2, how many consecutive kills does it require to earn the "Tactical Nuke" killstreak?|25
Entertainment: Video Games|When was Nintendo's Virtual Boy released?|1995
Entertainment: Video Games|Which of 2 Valve Games are set in the same universe?|Half-life and Portal
Entertainment: Video Games|When was the first Call of Duty title released?|October 29, 2003
Entertainment: Video Games|In Sonic the Hedgehog universe, Tails' real name is Miles Prower.|True
Entertainment: Video Games|In the game "Melty Blood Actress Again Current Code", you can enter Blood Heat mode in Half Moon style.|False
Entertainment: Video Games|Half-Life by Valve uses the GoldSrc game engine, which is a highly modified version of what engine?|Quake Engine
Entertainment: Video Games|What vehicle in PUBG has the highest top speed?|Motorcycle
Entertainment: Video Games|Which of these Pokémon cannot learn Surf?|Arbok
Entertainment: Video Games|In Grand Theft Auto: V, what wanted level does the player receive if they enter Zancudo Army Base north of Los Santos?|4
Entertainment: Video Games|In the Resident Evil series, Leon S. Kennedy is a member of STARS.|False
Entertainment: Video Games|In Night In The Woods, what is Mae Borowski mother's name?|Candy
Entertainment: Video Games|When was Minecraft first released to the public?|May 17th, 2009
Entertainment: Video Games|Who is the English voice actor for Sora from the Kingdom Hearts series?|Haley Joel Osment
Entertainment: Video Games|What was the world's first video game?|Tennis for Two
Entertainment: Video Games|Which of the following has Jennifer Taylor NOT voiced?|Sarah Kerrigan
Entertainment: Video Games|What are tiny Thwomps called in Super Mario World?|Thwimps
Entertainment: Video Games|Who is Sonic's sidekick?|Tails
Entertainment: Video Games|In the game Destiny, who succeeded Peter Dinklage in voicing the protagonist's "Ghost"?|Nolan North
Entertainment: Video Games|What is the name of the world that the MMO "RuneScape" takes place in?|Gielinor
Entertainment: Video Games|In TF2 Lore, what are the names of the Heavy's younger sisters?|Yana and Bronislava
Entertainment: Video Games|Which of these is NOT a terrorist faction in Counter-Strike (2000)?|Midwest Militia
Entertainment: Video Games|What are Sans and Papyrus named after in "Undertale"?|Fonts
Entertainment: Video Games|How many Star Spirits do you rescue in the Nintendo 64 video game "Paper Mario"?|7
Entertainment: Video Games|The shotgun appears in every numbered Resident Evil game.|True
Entertainment: Video Games|The end credits sequence in Grand Theft Auto 5 is over half an hour long.|True
Entertainment: Video Games|In "PAYDAY 2", what weapon has the highest base weapon damage on a per-shot basis?|HRL-7
Entertainment: Video Games|Which "Fallout: New Vegas" quest is NOT named after a real-life song?|They Went That-a-Way
Entertainment: Video Games|In Portal 2, the iconic character GLaDOS is turned into:|A potato
Entertainment: Video Games|In the Monster Hunter Series, it is possible to capture Elder Dragons.|False
Entertainment: Video Games|In "PUBATTLEGROUNDS" what is the name of the Military Base island?|Sosnovka
Entertainment: Video Games|What was the first interactive movie video game?|Astron Belt
Entertainment: Video Games|In Five Nights at Freddy's 1, how can you make disappear Golden Freddy?|Enable cameras
Entertainment: Video Games|In Portal, what color is the Morality Core?|Purple
Entertainment: Video Games|In the game Dark Souls, what is the name of the region you're in for the majority of the game?|Lordran
Entertainment: Video Games|Which franchise does the creature "Slowpoke" originate from?|Pokemon
Entertainment: Video Games|Lanky, Funky, and Chunky are all characters featured in which series owned by Nintendo?|Donkey Kong
Entertainment: Video Games|The names of Tom Nook's cousins in the Animal Crossing franchise are named "Timmy" and "Jimmy".|False
Entertainment: Video Games|In the Half-Life series, Gordon Freeman's signature weapon is a:|Crowbar
Entertainment: Video Games|In the Portal series, Aperture Science was founded under what name in the early 1940s?|Aperture Fixtures
Entertainment: Video Games|In what year was the game "Eliminator" released?|1998
Entertainment: Video Games|Minecraft wasn’t the original name to Minecraft.|True
Entertainment: Video Games|Who was the voice actor for Snake in Metal Gear Solid V: The Phantom Pain?|Kiefer Sutherland
Entertainment: Video Games|What is the name of "Team Fortress 2" update, in which it became Free-to-play?|Über Update
Entertainment: Video Games|How many total monsters appear in Monster Hunter Generations?|105
Entertainment: Video Games|Faust is a playable character in "Guilty Gear Xrd Revelator".|True
Entertainment: Video Games|What is the real name of the Scout in "Team Fortress 2"?|Jeremy
Entertainment: Video Games|What animal is on Link's pajamas in The Legend of Zelda: The Wind Waker?|Crawfish
Entertainment: Video Games|Tony Hawk's Pro Skater was released in 1999.|True
Entertainment: Video Games|What vault in the video game "Fallout 3" is the home of multiple clones named Gary?|Vault 108
Entertainment: Video Games|The Ace Attorney trilogy was suppose to end with "Phoenix Wright: Ace Attorney − Trials and Tribulations" as its final game.|True
Entertainment: Video Games|In Counter-Strike: Global Offensive, what's the rarity of discontinued skins called?|Contraband
Entertainment: Video Games|In the "Pikmin" series, what is the only pikmin type to possess visible ears?|Yellow
Entertainment: Video Games|The character that would eventually become Dr. Eggman was considered for the role of Sega's new flagship mascot before Sonic was.|True
Entertainment: Video Games|What is Gabe Newell's favorite class in Team Fortress 2?|Spy
Entertainment: Video Games|During pre-production of "Super Mario Bros.", Mario originally was meant to shoot bullets.|True
Entertainment: Video Games|The creator of the Touhou Project series is:|ZUN
Entertainment: Video Games|"Resident Evil 7" is the first first-person Resident Evil game.|False
Entertainment: Video Games|What is the most expensive weapon in Counter-Strike: Global Offensive?|Scar-20/G3SG1
Entertainment: Video Games|Sean Bean voices the character of "Martin Septim" in which Elder Scrolls game?|The Elder Scrolls IV: Oblivion
Entertainment: Video Games|One of the Nintendo Entertainment System voice channels supports playback of sound samples. Which one?|DMC
Entertainment: Video Games|In the Nintendo DS game 'Ghost Trick: Phantom Detective', what is the name of the hitman seen at the start of the game?|Nearsighted Jeego
Entertainment: Video Games|The game "Pocket Morty" has a Morty called "Pocket Mortys Morty"?|True
Entertainment: Video Games|What was the original release date of Grand Theft Auto V?|September 17, 2013
Entertainment: Video Games|In the game "Subnautica", a "Spadefish" will attack you.|False
Entertainment: Video Games|How old is Chloe Price in Life is Strange: Before the Storm?|16
Entertainment: Video Games|In the game "Until Dawn" Emily is the only playable character who can be killed by another playable character directly.|True
Entertainment: Video Games|In Touhou: Embodiment of Scarlet Devil, what song plays during Flandre Scarlet's boss fight?|U.N. Owen Was Her
Entertainment: Video Games|How many permanent companions are there in the base game version of Fallout: New Vegas?|8
Entertainment: Video Games|In the 2002 video game "Kingdom Hearts", how many playable worlds were there?|14
Entertainment: Video Games|Which character is from "Splatoon"?|Marie
Entertainment: Video Games|Which game did "Sonic The Hedgehog" make his first appearance in?|Rad Mobile
Entertainment: Video Games|Who is the main antagonist in the Portal franchise?|GLaDOS
Entertainment: Video Games|From the Meme Culture, which Mario game immerged "Weegee"?|Mario is Missing! MS-DOS Version 
Entertainment: Video Games|DragonForce's 'Through the Fire and Flames' is widely considered to be the hardest song in the Guitar Hero series.|True
Entertainment: Video Games|Which of these characters was considered, but ultimately not included, for Super Smash Bros. Melee?|James Bond
Entertainment: Video Games|Which retro video game was released first?|Space Invaders
Entertainment: Video Games|Each piece in Tetris is called a tetris.|False
Entertainment: Video Games|Gordon Freeman, the protagonist of "Half-Life", is said to have once had a ponytail.|True
Entertainment: Video Games|Which of the following colors does the Zombie eyes glow in the "Nuketown" map in "Call of Duty: Black Ops II" Zombies mode?|Yellow and Blue
Entertainment: Video Games|Which of these games was the earliest known first-person shooter with a known time of publication?|Spasim
Entertainment: Video Games|In which "Call of Duty" game are the "Apothicons" introduced in the Zombies mode?|Call Of Duty: Black Ops III
Entertainment: Video Games|In "Overwatch", which hero is able to wallride?|Lucio
Entertainment: Video Games|"Return to Castle Wolfenstein" was the only game of the Wolfenstein series where you don't play as William "B.J." Blazkowicz.|False
Entertainment: Video Games|How many people can you recruit in the game Suikoden in a single playthrough?|107
Entertainment: Video Games|How many times do you fight Gilgamesh in "Final Fantasy 5"?|6
Entertainment: Video Games|In Fallout: New Vegas, upon starting each one of the four campaign DLCs, which one of them does not have a warning screen/recommended level? |Honest Hearts 
Entertainment: Video Games|In "Fallout 4", what is the name of the dog you find at Red Rocket truck stop?|Dogmeat
Entertainment: Video Games|Which team won the "Tom Clancy's Rainbow Six Siege" Invitational Event February 2017 in the PC Category?|Continuum
Entertainment: Video Games|Which of these weapon classes DO NOT appear in the first Monster Hunter game?|Bow 
Entertainment: Video Games|What is the name of the machine that fails and essentially dooms mankind in the beginning of the first Half-Life game?|Anti-mass spectrometer
Entertainment: Video Games|In the "Worms" series of video games, which of these weapons is affected by wind?|Bazooka
Entertainment: Video Games|One of the early prototypes of the Sega Dreamcast controller resembled which of the following?|Television Remote
Entertainment: Video Games|When was the original Star Wars: Battlefront II released?|October 31, 2005
Entertainment: Video Games|Blinky, Pinky, Inky and Clyde are characters from which classic video game?|Pac-Man
Entertainment: Video Games|Which of these is NOT a Humongous Entertainment game franchise?|Commander Keen
Entertainment: Video Games|In the game "Red Dead Redemption", what is the name of John Marston's dog?|Rufus
Entertainment: Video Games|In the "Metal Gear Solid" series, what's the name of Solid Snake's brother?|Liquid Snake
Entertainment: Video Games|What type of Pokémon is Charizard?|Fire/Flying
Entertainment: Video Games|Who voices the infamous Citadel Station A.I known as S.H.O.D.A.N, in the System Shock games?|Terri Brosius
Entertainment: Video Games|In "Overwatch", what is the name of Mercy's "ultimate ability"?|Valkyrie
Entertainment: Video Games|Deus Ex (2000) does not feature the World Trade Center because it was destroyed by terrorist attacks according to the game's plot.|True
Entertainment: Video Games|In Overwatch, what is Lúcio's full name?|Lúcio Correia Dos Santos
Entertainment: Video Games|In Touhou 12: Undefined Fantastic Object, which of these was not a playable character?|Izayoi Sakuya
Entertainment: Video Games|Which of these Starbound races has a Wild West culture?|Novakid
Entertainment: Video Games|In the "Devil May Cry" franchise, which game is chronologically first?|Devil May Cry 3: Dante's Awakening 
Entertainment: Video Games|In which game did the character "Mario" make his first appearance?|Donkey Kong
Entertainment: Video Games|Which football player is featured on the international cover version of the video game FIFA 16?|Lionel Messi
Entertainment: Video Games|Which genre is the Touhou Project associated with?|Shoot 'em up (bullet-hell) & Fighting
Entertainment: Video Games|How many playable characters are there in Super Smash Bros. for Nintendo 3DS and Wii U?|58
Entertainment: Video Games|In Grand Theft Auto V, what was Michael De Santa's former surname?|Townley
Entertainment: Video Games|Which of these games was NOT developed by Markus Persson?|Dwarf Fortress
Entertainment: Video Games|What is the name of the main island in PLAYERUNKNOWN'S BATTLEGROUNDS?|Erangel
Entertainment: Video Games|Along with Gabe Newell, who co-founded Valve?|Mike Harrington
Entertainment: Video Games|Which of these is NOT a possible drink to be made in the game "VA-11 HALL-A: Cyberpunk Bartender Action"?|Sour Appletini
Entertainment: Video Games|Which of these characters won the Super Smash Bros. Fighter Ballot in 2015?|Bayonetta
Entertainment: Video Games|Metal Gear Solid V: The Phantom Pain runs on the Fox Engine.|True
Entertainment: Video Games|What is the name of Cream the Rabbit's mom in the "Sonic the Hedgehog" series?|Vanilla
Entertainment: Video Games|In Kingdom Hearts which of the following people can NOT wield a keyblade?|Larxene
Entertainment: Video Games|Final Fantasy VI was originally released outside Japan under what name?|Final Fantasy III
Entertainment: Video Games|In the 2000 video game "Crimson Skies," what was the name of the protagonists' zeppelin?|Pandora
Entertainment: Video Games|Which character does the player play as in the video game "Bastion"?|The Kid
Entertainment: Video Games|Which of the following is not a character in the Street Fighter series?|Mai Shiranui
Entertainment: Video Games|In the game Nuclear Throne, what organization chases the player character throughout the game?|The I.D.P.D
Entertainment: Video Games|What was the original name of Crash Bandicoot?|Willie Wombat
Entertainment: Video Games|Where does "The Legend of Zelda: Majora's Mask" take place?|Termina
Entertainment: Video Games|The main playable character of the 2015 RPG "Undertale" is a monster.|False
Entertainment: Video Games|What was the name of the game created by Masahiro Sakurai and Satoru Iwata that would eventually evolve into "Super Smash Bros."?|Dragon King: The Fighting Game
Entertainment: Video Games|In the Fallout series, on which date did The Great War happen?|October 23rd, 2077
Entertainment: Video Games|In Super Smash Bros. for Nintendo 3DS and Nintendo Wii U, who was the sixth fighter to be added to the game post-launch?|Corrin
Entertainment: Video Games|Which car is NOT featured in "Need for Speed: Hot Pursuit 2"?|Toyota MR2
Entertainment: Video Games|In the game The World Ends With You, all of these characters act as a game partner with Neku for a week except:|Rhyme
Entertainment: Video Games|In the "Little Lost Girl" Easter Egg in Call of Duty: Black Ops II, what's the last step required for the achievement?|Raise Hell
Entertainment: Video Games|What year was the game Team Fortress 2 released?|2007
Entertainment: Video Games|Which one of these was not a member of the Fiendish Five in the game Sly Cooper and the Thievius Raccoonus?|Dimitri Lousteau
Entertainment: Video Games|The "Day of Defeat" series of games take place during which war?|World War II
Entertainment: Video Games|In the co-op shooter Payday 2, which contact helps you break out Hoxton?|The Dentist
Entertainment: Video Games|In Need for Speed: Underground, what car does Eddie drive?|Nissan Skyline GT-R (R34)
Entertainment: Video Games|In Need For Speed Most Wanted (2005), what do you drive at the beginning of the career mode?|BMW M3 GTR
Entertainment: Video Games|What game was used to advertise Steam?|Counter-Strike 1.6
Entertainment: Video Games|Which operation in "Tom Clancy's Rainbow Six Siege" introduced the "Skyscraper" map?|Red Crow
Entertainment: Video Games|Just Cause 2 was mainly set in what fictional Southeast Asian island country?|Panau
Entertainment: Video Games|Which one of the following titles by Valve is not based on a Community Mod?|Ricochet
Entertainment: Video Games|What was the first "Team Fortress 2" update to include a war?|Sniper vs. Spy Update
Entertainment: Video Games|Who created the pump "F.L.U.D.D." Mario uses in Super Mario Sunshine?|Elvin Gadd
Entertainment: Video Games| Which of these champions from the MOBA 'League of Legends' is NOT a Yordle?|Annie
Entertainment: Video Games|In "PUBATTLEGROUNDS" which ammo type does the M24 use?|7.62mm
Entertainment: Video Games|Which company developed and published Game Dev Tycoon?|Greenheart Games
Entertainment: Video Games|What was the world's first handheld game device?|Mattel Auto Race
Entertainment: Video Games|In "Call Of Duty: Zombies", which map features the "Fly Trap" easter egg?|Der Riese
Entertainment: Video Games|Who created the indie adventure game "Night in the Woods"?|Alec Holowka
Entertainment: Video Games|The game "Battlefield 1" takes place during World War I.|True
Entertainment: Video Games|When was "System Shock" released?|1994
Entertainment: Video Games|In Need for Speed: Most Wanted (2005), what was the name of the main antagonist?|Clarence "Razor" Callahan
Entertainment: Video Games|Gordon Freeman is said to have burnt and destroyed what food in the break room microwave?|Casserole
Entertainment: Video Games|Who was the first female protagonist in a video game?|Samus Aran
Entertainment: Video Games|In the game Warframe, what Mastery Rank do you need to have to build the Tigris Prime?|13
Entertainment: Video Games|Which country is featured in Ace Combat 5: The Unsung War?|Osea
Entertainment: Video Games|In the videogame Bully, what is the protagonist's last name?|Hopkins
Entertainment: Video Games|In Pokémon, Arbok evolves into Seviper.|False
Entertainment: Video Games|In the National Pokedex what number is Porygon-Z?|474
Entertainment: Video Games|In Monster Hunter Generations, which of the following monsters are a part of the "Fated Four"?|Astalos
Entertainment: Video Games|The PlayStation was originally a joint project between Sega and Sony that was a Sega Genesis with a disc drive.|False
Entertainment: Video Games|Which country was Eliza "Ash" Cohen from "Tom Clancy's Rainbow Six Siege" born in?|Israel
Entertainment: Video Games|During development of "Super Mario World", Yoshi's hard saddle was originally which of these?|A shell
Entertainment: Video Games|In WarioWare: Smooth Moves, which one of these is NOT a Form?|The Hotshot
Entertainment: Video Games|In what city in the dystopia alternate future of Half-Life 2 do you first start in?|City 17
Entertainment: Video Games|In the beginning of the game "Sonic Adventure", what color Chaos Emerald does Tails own?|Purple
Entertainment: Video Games|How many voice channels does the Nintendo Entertainment System support natively?|5
Entertainment: Video Games|During the game's development, what was the first ever created Pokémon?|Rhyhorn
Entertainment: Video Games|When was the game "Roblox" released?|2006
Entertainment: Video Games|What two characters from the game Undertale are never in a relationship or not related?|Frisk & Chara
Entertainment: Video Games|Which musical artist was NOT featured as playable avatars in the game "DJ Hero"?|Dr. Dre
Entertainment: Video Games|In Left 4 Dead, what is the character Bill's last name?|Overbeck
Entertainment: Video Games|What mainly favored rifle is used by the Terrorists in Counter Strike: Global Offensive?|AK-47
Entertainment: Video Games|In RuneScape, one must complete the "Dragon Slayer" quest before equipping Rune Platelegs.|False
Entertainment: Video Games|Which of these online games was originally named LindenWorld in it's early development?|SecondLife
Entertainment: Video Games|In the game "Subnautica", a "Cave Crawler" will attack you.|True
Entertainment: Video Games|Which of these game franchises were made by Namco?|Tekken
Entertainment: Video Games|There are 6 legendary cards in "Clash Royale".|False
Entertainment: Video Games|What was the name of the canceled projected by Blizzard Entertainment that would be later become Overwatch?|Titan
Entertainment: Video Games|In "The Binding of Isaac", which item instantly kills Mom and Mom's Heart?|The Bible
Entertainment: Video Games|Who is the half-demon character in Divinity: Original Sin 2 who you talk to to transition between acts?|Malady
Entertainment: Video Games|In what year was Garry's Mod released as a standalone title on Valve's Steam distribution service?|2006
Entertainment: Video Games|Which Sonic the Hedgehog game was originally supposed to be packaged with Sonic 3, but was cut in half due to time constraints?|Sonic & Knuckles
Entertainment: Video Games|In which mall does "Dead Rising" take place?|Willamette Parkview Mall
Entertainment: Video Games|In the PAYDAY series, who betrayed the PAYDAY gang that got Hoxton arrested?|Hector
Entertainment: Video Games|What war is Call Of Duty: Black Ops based on?|Cold War
Entertainment: Video Games|Which of these is NOT a player class in Team Fortress 2?|Healer
Entertainment: Video Games|The map featured in Arma 3 named "Altis" is based off of what Greek island?|Lemnos
Entertainment: Video Games|Who is the last boss in Night In The Woods' Demontower minigame?|The Blood Thief
Entertainment: Video Games|In Xenoblade Chronicles X, which class has a sniper rifle as it's primary weapon?|Partisan Eagle
Entertainment: Video Games|Who stars in Brutal Legend?|Jack Black
Entertainment: Video Games|In Terraria, which debuff does the ankh charm not provide immunity to?|Venom
Entertainment: Video Games|In the "Call Of Duty: Zombies" map "Moon", there is a secondary called the QED. What does QED stand for?|Quantum Entanglement Device
Entertainment: Video Games|In Left 4 Dead, what is the name of the Special Infected that is unplayable in Versus mode?|The Witch
Entertainment: Video Games|What was the name of the protagonist of Metal Gear Solid V: The Phantom Pain?|Punished "Venom" Snake
Entertainment: Video Games|What programming language was used to create the game "Minecraft"?|Java
Entertainment: Video Games|Which of the following created and directed the Katamari Damacy series?|Keita Takahashi
Entertainment: Video Games|In "Call Of Duty: Zombies", completing which map's main easter egg will reward you with the achievement, "High Maintenance"?|Die Rise
Entertainment: Video Games|Which company developed the video game "Borderlands"?|Gearbox Software
Entertainment: Video Games|Which of these levels does NOT appear in the console/PC versions of the game "Sonic Generations"?|Mushroom Hill
Entertainment: Video Games|The ultimate phrase used by Pharah from Overwatch is: "Justice rains from above!"|True
Entertainment: Video Games|Niko Bellic is the protagonist of Grand Theft Auto IV.|True
Entertainment: Video Games|In the 1980s, a service called Gameline allowed users to download games to what console?|Atari 2600
Entertainment: Video Games|In "Halo", what is the name of the planet which Installation 04 orbits?|Threshold
Entertainment: Video Games|Who is the main character in "The Stanley Parable"?|Stanley
Entertainment: Video Games|In World of Warcraft Lore, four Old Gods created a giant and powerful creature. What was it called? |The Ancient One
Entertainment: Video Games|Which of the following was NOT a playable character in the game Kingdom Hearts: Birth by Sleep?|Ignis
Entertainment: Video Games|The creeper in Minecraft was the result of a bug while implementing which creature?|Pig
Entertainment: Video Games|In "Call Of Duty: Zombies", which map's opening cutscene shows "Richtofen" killing another version of himself?|The Giant
Entertainment: Video Games|What animal is featured in "Bloons TD Battles"?|Monkeys
Entertainment: Video Games|Which popular First Person Shooter (FPS) franchise, got a Real Time Strategy (RTS) game developed based on its universe?|Halo
Entertainment: Video Games|Which car did not appear in the 2002 Lego Game: Drome Racers?|Wasp
Entertainment: Video Games|In "Sonic the Hedgehog 2" for the Sega Genesis, what do you input in the sound test screen to access the secret level select?|The Lead Programmer's birthday
Entertainment: Video Games|In "Call Of Duty: Zombies", which map introduced the perk "PhD Flopper"?|Ascension
Entertainment: Video Games|In Monster Hunter Generations, which of these hunter arts are exclusive to the Longsword?|Unhinged Spirit
Entertainment: Video Games|In what year was Hearthstone released?|2014
Entertainment: Video Games|In the game Pokémon Conquest, which warlord is able to bond with Zekrom and a shiny Rayquazza?|Nobunaga
Entertainment: Video Games|Who is Sora's Nobody in Kingdom Hearts?|Roxas
Entertainment: Video Games|What was the release date of "Grand Theft Auto IV"?|April 29, 2008
Entertainment: Video Games|In the Kingdom Hearts series, which is not an optional boss you can fight?|Master Yen Sid
Entertainment: Video Games|In Portal, what color is the Intelligence Core?|Blue
Entertainment: Video Games|The walls of the Goldenrod City Gym in "Pokémon Gold and Silver" are arranged in the shape of which Pokémon?|Clefairy
Entertainment: Video Games|Which of these is NOT a main playable character in "Grand Theft Auto V"?|Lamar
Entertainment: Video Games|In "Starbound", what is the max HP of the monster "Punchy"?|50,000 HP
Entertainment: Video Games|The scrapped Sonic the Hedgehog 2 level "Hidden Palace Zone" was later reused in the iOS port of the game. |True
Entertainment: Video Games|Which company did Gabe Newell work at before founding Valve Corporation?|Microsoft
Entertainment: Video Games|Pokémon Go is a location-based augmented reality game developed and published by which company?|Niantic
Entertainment: Video Games|In "Call Of Duty: Zombies", you can upgrade the "Apothicon Servant" in the "Shadows Of Evil" map.|False
Entertainment: Video Games|What was the code name given to Sonic the Hedgehog 4 during its development?|Project Needlemouse
Entertainment: Video Games|Which of these is a type of monster found in Minecraft?|Skeleton
Entertainment: Video Games|What is the name of the main protagonist in "Xenoblade Chronicles"?|Shulk
Entertainment: Video Games|In "Super Mario 64", collecting 100 coins on a level will give you a 1-UP.|False
Entertainment: Video Games|The names of Roxas's Keyblades in Kingdom Hearts are "Oathkeeper" and "Oblivion".|True
Entertainment: Video Games|Which of these is NOT a map included in the game Counter-Strike: Global Offensive?|Oilrig
Entertainment: Video Games|In World of Warcraft lore, which of the following is known as the God of Spiders in the troll's loa beliefs?|Elortha no Shadra
Entertainment: Video Games|What is the name of the protagonist's first Persona in "Persona 5"?|Arsene
Entertainment: Video Games|Phil Fish was the designer of which game?|Fez
Entertainment: Video Games|In Pokémon Sun and Moon, a male Salandit can evolve to a Salazzle.|False
Entertainment: Video Games|What Nationality is D.Va from Overwatch?|Korean
Entertainment: Video Games|In "Earthbound", how does one enter "Master Belch's" factory?|Wait 3 Minutes
Entertainment: Video Games|Who is the main protagonist in the game Life is Strange: Before The Storm?|Chloe Price 
Entertainment: Video Games|In the "Ace Attorney" series, who was the truly responsible of the forging of the autopsy report of the pivotal IS-7 incident?|Bansai Ichiyanagi
Entertainment: Video Games|Which of these roles in Town of Salem is mafia?|Disguiser
Entertainment: Video Games|The starting pistol of the Terrorist team in a competitive match of Counter Strike: Global Offensive is what?|Glock-18
Entertainment: Video Games|Which was the first video game to be produced by development company Rare?|Slalom
Entertainment: Video Games|The Konami Code is known as Up, Up, Down, Down, Left, Right, Right, Left, B, A, Start.|False
Entertainment: Video Games|Psych-Horror "Eternal Darkness: Sanity's Requiem", developed by Silicon Knights in 2002, was published by who and on what platform?|Nintendo® Co. Ltd. | GameCube™
Entertainment: Video Games|In the alternate timeline in Mortal Kombat, which character was the one to slaughter the Shirai Ryu clan?|Quan Chi
Entertainment: Video Games|In Halo 2, how many rounds does the M6C hold in a single magazine?|12
Entertainment: Video Games|What Ultimate does Makoto Naegi, protagonist of Danganronpa: Trigger Happy Havoc, have? |Ultimate Lucky Student
Entertainment: Video Games|What is the final game of the "Zero Escape" series called?|Zero Escape Zero Time Dilemma 
Entertainment: Video Games|In "Portal 2", Cave Johnson started out Aperture Science as a shower curtain company.|True
Entertainment: Video Games|How many regular Sunken Sea Scrolls are there in "Splatoon"?|27
Entertainment: Video Games|Which of the following is NOT a summon in the game "South Park: The Stick of Truth"?|Towelie
Entertainment: Video Games|In "Pheonix Wright: Ace Attorney" which character is the District Chief of Police?|Damon Gant
Entertainment: Video Games|Why was the character Trevor Philips discharged from the Air Force?|Mental Health Issues
Entertainment: Video Games|Ana was added as a new hero for the game Overwatch on July 19th, 2016.|True
Entertainment: Video Games|What is the hardest possible difficulty in "Deus Ex: Mankind Divided"?|I Never Asked For This
Entertainment: Video Games|In Pokemon Diamond, Pearl and Platinum, where can a Munchlax be found?|Honey Trees
Entertainment: Video Games|The default playermodel of Garry's Mod is this Half Life 2 character.|Isaac Kleiner
Entertainment: Video Games|Which day in "Papers, Please" does the man in red appear?|Day 23
Entertainment: Video Games|Which of the following is not a prosecutor in the "Ace Attorney" video game series?|Jake Marshall
Entertainment: Video Games|What element does the Zinogre use in Monster Hunter?|Thunder
Entertainment: Video Games|In the Mario Kart and Smash Bros. Games, Princess Rosalina is considered what weight class?|Heavy
Entertainment: Video Games|Solid Snake is actually a clone from the DNA of Big Boss in the Metal Gear Solid series' history.|True
Entertainment: Video Games|How many partners can you obtain in Paper Mario: The Thousand-Year Door?|7
Entertainment: Video Games|In the Half-Life franchise, what is the real name of the "gravity gun"?|Zero-Point Energy Field Manipulator
Entertainment: Video Games|In what year was the game "Fallout" released?|1997
Entertainment: Video Games|In the game "Brawlhalla", what species is the character Bödvar is?|Half Human / Half Bear
Entertainment: Video Games|In Splatoon, the Squid Sisters are named Tako and Yaki.|False
Entertainment: Video Games|Which horror movie had a sequel in the form of a video game released in August 20, 2002?|The Thing
Entertainment: Video Games|Which of the following is not a character in the video game Doki Doki Literature Club?|Nico
Entertainment: Video Games|Which of the following is not a faction in Tom Clancy's The Division?|CDC
Entertainment: Video Games|In Terraria, what does the Wall of Flesh not drop upon defeat?|Picksaw
Entertainment: Video Games|When was the game 'Portal 2' released?|2011
Entertainment: Video Games|In Undertale, having a "Fun Value" set to 56-57 will play the "Wrong Number Song Call".|False
Entertainment: Video Games|What does Solid Snake use to hide himself with?|Cardboard Box
Entertainment: Video Games|In the "Halo" franchise, in what country is New Mombasa?|Kenya
Entertainment: Video Games|In the game Paper Mario for the Nintendo 64 the first partner you meet is a Goomba, what is its name?|Goombario
Entertainment: Video Games|Which eSports team came first place in The International Dota 2 Championship 2016?|Wings Gaming
Entertainment: Video Games|Which of these games was NOT a Nintendo Switch launch title in the United States? |Voez
Entertainment: Video Games|"Tomb Raider" icon Lara Croft was originally called...|Laura Cruz
Entertainment: Video Games|What was the first "Call Of Duty: Zombies" map to be directed by Jason Blundell?|Mob Of The Dead
Entertainment: Video Games|Which Grand Theft Auto (GTA) games have the same setting?|GTA V and GTA San Andreas
Entertainment: Video Games|Which of these video game engines was made by the company Epic Games?|Unreal
Entertainment: Video Games|In the game "Subnautica", which feature was removed due to performance issues in 2016?|Terraforming
Entertainment: Video Games|In Need For Speed: Most Wanted (2005), how many people are there to defeat on the blacklist?|15
Entertainment: Video Games|On the 6th of June 2006, what was the name of the infamous glitch that occurred in the MMO RuneScape?|The Falador Massacre
Entertainment: Video Games|Which of the following Pokemon Types was present in the original games, Red and Blue?|Ice
Entertainment: Video Games|In which Mario game did the Mega Mushroom make its debut?|Mario Party 4
Entertainment: Video Games|In "Resident Evil 2", what is Leon Kennedy's middle name?|Scott
Entertainment: Video Games|Which franchise was NOT featured in the 2015 video game "Lego Dimensions"?|Breaking Bad
Entertainment: Video Games|When was the first "Half-Life" released?|1998
Entertainment: Video Games|What was the first Call of Duty game to include the Zombies gamemode?|Call of Duty: World at War
Entertainment: Video Games|Which of these is not a DLC vehicle in "Mario Kart 8"?|Wild Wiggler
Entertainment: Video Games|What's the name of the halloween-related Sims 4 Stuff Pack released September 29th, 2015?|Spooky Stuff
Entertainment: Video Games|Which one of these nations was added to Civilization V with the "Gods & Kings" expansion?|The Netherlands
Entertainment: Video Games|Which of the following games has the most playable characters?|Timesplitters: Future Perfect
Entertainment: Video Games|Where was the Sniper character in Team Fortress 2 born?|New Zealand
Entertainment: Video Games|In "Clash Royale" what is Arena 4 called?|P.E.K.K.A's Playhouse
Entertainment: Video Games|Which of the following characters were considered for inclusion in Super Smash Bros. Melee?|Lucas
Entertainment: Video Games|In the game Tom Clancy's Rainbow 6 Siege, what organization is Valkyrie from?|Navy Seals
Entertainment: Video Games|Who is the main villain of Kirby's Return to Dreamland?|Magolor
Entertainment: Video Games|Which of these is NOT a playable character race in the video game "Starbound"?|Fenerox
Entertainment: Video Games|How many differently shaped Tetris pieces are there?|7
Entertainment: Video Games|What does IWHBYD stand for on the skull in the Halo series?|I Would Have Been Your Daddy
Entertainment: Video Games|The first version of Blockland came out in which year?|2004
Entertainment: Video Games|What is the subtitle for Gran Turismo 3?|A-Spec
Entertainment: Video Games|What is the name of the adventurer you meet at the mines in Stardew Valley?|Marlon
Entertainment: Video Games|Which of the following games was NOT included in Valve's Orange Box?|Counter-Strike
Entertainment: Video Games|The Touhou Project series of games is often associated with which genre?|Shoot 'em up
Entertainment: Video Games|The name of the main character of the video game "The Legend of Zelda", is Zelda.|False
Entertainment: Video Games|How many normal endings are there in Cry Of Fear's campaign mode?|4
Entertainment: Video Games|The Paradox Interactive game "Stellaris" was released in 2016.|True
Entertainment: Video Games|In which game did the Konami Code make its first appearance?|Gradius
Entertainment: Video Games|The name of the Metroid series comes from what?|An enemy in the game
Entertainment: Video Games|In Until Dawn, both characters Sam and Mike cannot be killed under any means until the final chapter of the game.|True
Entertainment: Video Games|Who is the creator of the Super Smash Bros. Series?|Masahiro Sakurai
Entertainment: Video Games|In "Call of Duty: Zombies", what group does Doctor Maxis work for?|Group 935
Entertainment: Video Games|On which planet does the game Freedom Planet (2014) take place?|Avalice
Entertainment: Video Games|What are the names of the Ice Climbers in the video game Ice Climber?|Popo and Nana
Entertainment: Video Games|What do the video games No Man’s Sky and Mighty No. 9 have in common?|Both were announced in 2013.
Entertainment: Video Games|What's the name of the main protagonist in the "Legend of Zelda" franchise?|Link
Entertainment: Video Games|Which survivor in Left 4 Dead sacrificed themself to save the other survivors?|Bill
Entertainment: Video Games|All of these maps were in "Tom Clancy's Rainbow Six Siege" on its initial release: House, Clubhouse, Border, Consulate.|False
Entertainment: Video Games|Mirror's Edge Catalyst takes place in the City of...?|Glass
Entertainment: Video Games|What song is played during the ending credits of Guitar Hero: World Tour?|Dream Theater - Pull Me Under
Entertainment: Video Games|Which member of the Velvet Room is not a playable character in Persona 4 Arena Ultimax?|Theodore
Entertainment: Video Games|In World of Warcraft, which raid instance features a chess event?|Karazhan
Entertainment: Video Games|In what engine was Titanfall made in?|Source Engine
Entertainment: Video Games|Which game was exclusive to Dreamcast?|Pen Pen TriIcelon
Entertainment: Video Games|The video game "Fuel" has an open world that is 5,560 square miles?|True
Entertainment: Video Games|In the video game "Transistor", "Red" is the name of the main character.|True
Entertainment: Video Games|In "The Witness", how many lasers must be activated to get into the mountain area?|7
Entertainment: Video Games|Activision created Battlefield 1.|False
Entertainment: Video Games|Resident Evil 4 was originally meant to be a Nintendo GameCube exclusive.|True
Entertainment: Video Games|Which of these weapons is NOT available to the Terrorist team in the game, "Counter-Strike: Global Offensive"?|SCAR-20
Entertainment: Video Games|In "Space Station 13",  the station has a clown aboard it.|True
Entertainment: Video Games|What is the name of the alligator in Where's My Water?|Swampy
Entertainment: Video Games|Minecraft can be played with a virtual reality headset.|True
Entertainment: Video Games|What was the game "Galaga" was a sequel to?|Galaxian
Entertainment: Video Games|In the first game of the Sly Cooper franchise, what family heirloom did Sly Cooper want to steal back?|Thievius Raccoonus
Entertainment: Video Games|Which franchise had a special event hosted in the popular MMORPG Final Fantasy XIV: A Realm Reborn?|Yo-kai Watch
Entertainment: Video Games|Which Elite Four member from the first generation of Pokémon became the champion in the next generation?|Lance
Entertainment: Video Games|In which series of games do you collect souls to empower you and buy weaponry and armor with?|Souls 
Entertainment: Video Games|Counting the Blood and Wine DLC, how many Hero Cards are there in total in The Witcher 3?|25
Entertainment: Video Games|The song "Megalovania" by Toby Fox made its third appearence in the 2015 RPG "Undertale".|True
Entertainment: Video Games|In the Team Fortress 2 canon, what did Shakespearicles NOT invent?|Stairs
Entertainment: Video Games|The creation of the  Entertainment Software Ratings Board (ESRB) is often associated with Mortal Kombat and what FMV video game?|Night Trap
Entertainment: Video Games|What level do you have to be to get a service medal on CS:GO?|40
Entertainment: Video Games|In "Paper Mario: The Thousand Year Door", what is Hooktail's weakness?|The Sound of Crickets
Entertainment: Video Games|Which artist composed the original soundtrack for "Watch Dogs 2"?|Hudson Mohawke
Entertainment: Video Games|In Terraria, which of these items is NOT crafted at a Mythril Anvil?|Ankh Charm
Entertainment: Video Games|What is not a playable race in "Final Fantasy XIV: A Realm Reborn"?|Hume
Entertainment: Video Games|In Team Fortress 2, which class wields a shotgun?|Everyone Listed
Entertainment: Video Games|In Animal Crossing: New Leaf, which of these paintings from Redd's Art Gallery is always genuine?|Warm Painting
Entertainment: Video Games|How many Chaos Emeralds are there in the "Sonic the Hedgehog" universe?|7
Entertainment: Video Games|Which one of the first four titles of the "Grand Theft Auto" franchise started the series of iconic image grid cover arts?|Grand Theft Auto III
Entertainment: Video Games|Danganronpa Another Episode: Ultra Despair Girls is set after which Danganronpa game?|Danganronpa: Trigger Happy Havoc
Entertainment: Video Games|What is the name of the first boss the player encounters in the 2017 game, "Little Nightmares"?|The Janitor
Entertainment: Video Games|How many obsidian blocks are required to build a nether portal in Minecraft?|10
Entertainment: Video Games|Who is the leader of Team Instinct in Pokémon Go?|Spark
Entertainment: Video Games|What is the name of the City in Saints Row The Third?|Steelport
Entertainment: Video Games|Which soccer player is featured on the cover of EA Sport's FIFA 18?|Cristiano Ronaldo
Entertainment: Video Games|In "Starbound", according to the asset files, the description of the "Erchius Ghost" is the same as which other assets?|Spookit
Entertainment: Video Games|The '64' in the Nintendo-64 console refers to what?|The bits in the CPU architecture
Entertainment: Video Games|What engine did the original "Half-Life" run on?|GoldSrc
Entertainment: Video Games|"Metal Gear Solid 3: Snake Eater" was released in 2004.|True
Entertainment: Video Games|In the "Halo" series, what is the name of the race of aliens humans refer to as "Grunts"?|Unggoy
Entertainment: Video Games|Which of these TrackMania environments was NOT in the original game?|Bay
Entertainment: Video Games|Which one of these games wasn't released in 2016?|Metal Gear Solid V
Entertainment: Video Games|How many aces can be shot down through the entirety of "Ace Combat Zero: The Belkan War"?|169
Entertainment: Video Games|Which of these "Worms" games featured 3D gameplay?|Worms 4: Mayhem
Entertainment: Video Games|Who was the main antagonist of Max Payne 3 (2012)?|Victor Branco
Entertainment: Video Games|What is the main theme song of "Sonic Adventure 2"?|Live and Learn
Entertainment: Video Games|In which U.S. state is Far Cry 5's fictional setting 'Hope County' located?|Montana
Entertainment: Video Games|How many unique items does "Borderlands 2" claim to have?|87 Bazillion 
Entertainment: Video Games|Super Mario Bros. was released in 1990.|False
Entertainment: Video Games|Which of the following Pokémon games released first?|Pokémon Crystal
Entertainment: Video Games|In what year were achivements added to Steam?|2007
Entertainment: Video Games|Which was the first "Call Of Duty: Zombies" map to introduce the "Wunderwaffe DG-2"?|Shi No Numa
Entertainment: Video Games|What is the name of the virus in "Metal Gear Solid 1"?|FOXDIE
Entertainment: Video Games|In Sid Meier's Civilization V, which World Wonder can only be built in cities on or next to a desert?|Petra
Entertainment: Video Games|In the "Hitman" series, what is the name of the main character?|Agent 47
Entertainment: Video Games|In the game Danganronpa: Happy Trigger Havoc, the character Aoi Asahina's ultimate ability is what?|Ultimate Swimmer
Entertainment: Video Games|In the game Battleblock Theater, what was the name of the voice actor who voiced the narrator?|Will Stamper
Entertainment: Video Games|In the beta version of the 1986 game "The Legend of Zelda", players have the choice between a sword and what other item?|Boomerang 
Entertainment: Video Games|The Internet Meme "All your base are belong to us" is based on the poorly translated English Version of which Video Game?|Zero Wing
Entertainment: Video Games|In the video game "Metal Gear Solid", what did Revolver Ocelot consider the greatest handgun ever made?|Colt Single Action Army
Entertainment: Video Games|In what year was the game "FTL: Faster Than Light" released?|2012
Entertainment: Video Games|"Metal Gear Solid 3: Snake Eater" takes place on Shadow Moses Island.|False
Entertainment: Video Games|In the game "The Sims", how many Simoleons does each family start with?|20,000
Entertainment: Video Games|In "Fallout 4" which faction is not present in the game?|The Enclave
Entertainment: Video Games|Watch_Dogs 2 is a prequel.|False
Entertainment: Video Games|In "Call Of Duty: Zombies", what is the name of Samantha Maxis' dog?|Fluffy
Entertainment: Video Games|In the Portal series of games, who was the founder of Aperture Science?|Cave Johnson
Entertainment: Video Games|In "Pokémon Sun and Moon", Team Skull took over which town?|Po Town
Entertainment: Video Games|Of the following space shooter games, which came out first?|Space Invaders
Entertainment: Video Games|The Khajiit are a race of cat-like creatures from which epic series of role-playing games, set across the land of Tamriel?|The Elder Scrolls
Entertainment: Video Games|In the game Sonic Forces, which of the following was not from a previous game?|Infinite
Entertainment: Video Games|Who is the writer of the game "Half-Life"?|Marc Laidlaw
Entertainment: Video Games|Which actor provided the voice for the main character's father in Fallout 3?|Liam Neeson
Entertainment: Video Games|Doki Doki Literature Club was developed in Japan.|False
Entertainment: Video Games|Which is not a playable character in the 2005 video game Killer7?|Frank Smith
Entertainment: Video Games|In World of Warcraft lore, who organized the creation of the Paladins?|Alonsus Faol
Entertainment: Video Games|In Fallout: New Vegas, which one of these casinos can you not play in?|Lucky 38
Entertainment: Video Games|In the Pokémon series, which type is Sudowoodo, the Imitation Pokémon?|Rock
Entertainment: Video Games|Excluding their instructor, how many members of Class VII are there in the game "Legend of Heroes: Trails of Cold Steel"?|9
Entertainment: Video Games|In Terraria, which of the following items does the Martian Saucer mini-boss NOT drop?|Drill Containment Unit
Entertainment: Video Games|What is the name of the alien species introduced in Shadow the Hedgehog (2005)?|Black Arms
Entertainment: Video Games|TF2: What code does Soldier put into the door keypad in "Meet the Spy"?|1111
Entertainment: Video Games|In "Yo! Noid 2," The Noid can perform what special move?|Dab
Entertainment: Video Games|In World of Warcraft the default UI color that signifies Druid is what?|Orange
Entertainment: Video Games|Which Game Boy from the Game Boy series of portable video game consoles was released first?|Game Boy Color
Entertainment: Video Games|What CS:GO case contains the Butterfly Knife?|Breakout Case
Entertainment: Video Games|In what year was "Super Mario Sunshine" released?|2002
Entertainment: Video Games|In the game Nuclear Throne, what character is only usable in a play through with Melting?|Skeleton
Entertainment: Video Games|Which of these characters was NOT planned to be playable for Super Smash Bros. 64?|Peach
Entertainment: Video Games|"Undertale" is an RPG created by Toby Fox and released in 2015.|True
Entertainment: Video Games|According to Toby Fox, what was the method to creating the initial tune for Megalovania?|Singing into a Microphone
Entertainment: Video Games|In "Undertale", how many main endings are there?|3
Entertainment: Video Games|Prior to his appearance in Super Smash Bros. Ultimate, What was King K. Rool's last appearance in any game?|Mario Super Sluggers
Entertainment: Video Games|In the "Call Of Duty: Zombies" map "Der Riese", what is the name of the "Pack-A-Punched PPSH-41"?|The Reaper
Entertainment: Video Games|Which of these characters from Final Fantasy VIII primarily spoke in one word sentences?|Fujin
Entertainment: Video Games|In the game "Hearthstone", what is the best rank possible?|Rank 1 Legend
Entertainment: Video Games|Which of these is the name of a cut enemy from "Half-Life 2"?|Hydra
Entertainment: Video Games|How many different notes is the tune, "Song of Healing", comprised of in "The Legend of Zelda: Majora's Mask"?|3
Entertainment: Video Games|What is the maximum HP in Terraria?|500
Entertainment: Video Games|In the Season One Championship of "League of Legends", the highest achievable rank was Diamond.|False
Entertainment: Video Games|Rocket League is a game which features..|Cars
Entertainment: Video Games|When was the top-down online RPG "Space Station 13" released?|2003
Entertainment: Video Games|In "Final Fantasy VI", what is the name of (summoned) Gilgamesh's weakest attack?|Excalipoor
Entertainment: Video Games|When was Club Penguin launched?|October 24, 2005
Entertainment: Video Games|Hidden in the files for "Mario Kart Arcade GP" is a picture of the Beslan school hostage crisis.|True
Entertainment: Video Games|Which of these operators from "Tom Clancy's Rainbow Six Siege" has the ability to damage reinforced walls?|Jordan "Thermite" Trace
Entertainment: Video Games|Which one of the following actors did not voice a character in "Saints Row: The Third"?|Ron Jeremy
Entertainment: Video Games|In Splatoon, what is the age that inklings can freely change between squid and humanoid forms?|14
Entertainment: Video Games|Which one of these characters appeared in Marvel vs Capcom: Infinite? |Firebrand
Entertainment: Video Games|Which of the following games in the Anno series introduced the "Eco Balance" gameplay mechanic?|Anno 2070
Entertainment: Video Games|Which psychopath(s) in Dead Rising 1 gave you the small chainsaw?|Adam the Clown
Entertainment: Video Games|Which of these is not a character in the game, "Lethal League"?|Rex
Entertainment: Video Games|What is the name of the virus that infected New York in Tom Clancy's The Division?|Dollar Flu
Entertainment: Video Games|"Half-Life 2" runs on the Source Engine.|True
Entertainment: Video Games|Who turns out to be the true victor in the Battle of Armageddon in Mortal Kombat?|Shao Kahn
Entertainment: Video Games|What is the name of the final boss in Turok: Dinosaur Hunter?|The Campaigner
Entertainment: Video Games|What is the main character of Metal Gear Solid 2?|Raiden
Entertainment: Video Games|What is the name of the first level in "Call of Duty: World at War"?|Semper Fi
Entertainment: Video Games|Which game was the first time Mario was voiced by Charles Martinet?|Mario's Game Gallery
Entertainment: Video Games|In the Halo series, what fleet was Thel 'Vadam supreme commander of before being branded an Arbiter?|Fleet of Particular Justice
Entertainment: Video Games|In Left 4 Dead, which campaign has the protagonists going through a subway in order to reach a hospital for evacuation?|No Mercy
Entertainment: Video Games|Who is the main villain of the Crash Bandicoot series?|Dr. Neo Cortex
Entertainment: Video Games|In "Need for Speed: Porsche Unleashed", the player can only drive cars manufactured by Porsche.|True
Entertainment: Video Games|In Hitman: Blood Money, what is the name of the target in the mission "Death of a Showman"?|Joseph Clarence
Entertainment: Video Games|Which one of these is NOT an official map in Counter-Strike: Global Offensive?|de_season
Entertainment: Video Games|Which Nintendo 64 game did NOT have Luigi in it?|Super Mario 64
Entertainment: Video Games|In "Call Of Duty: Zombies", which weapon does NOT deal any damage?|31-79 JGb215
Entertainment: Video Games|Which of these games takes place in the Irish town of Doolin, with the option to play as one of the characters, Ellen and Keats?|Folklore
Entertainment: Video Games|The ADAM collecters in the Bioshock series are known as Little Sisters.|True
Entertainment: Video Games|In career mode of "Need for Speed: Underground 2", the first car the player can drive is the BMW M3 GTR.|False
Entertainment: Video Games|In "Halo 2", what is the name of the monitor of Installation 05?|2401 Penitent Tangent
Entertainment: Video Games|What block in Minecraft has the highest blast resistance?|Barrier
Entertainment: Video Games|Which of these is NOT a playable character in the 2016 video game Overwatch?|Invoker
Entertainment: Video Games|In the 2002 video game "Kingdom Hearts", how many Keyblades are usable?|18
Entertainment: Video Games|When was the Sega Genesis released in Japan?|October 29, 1988
Entertainment: Video Games|Which of the following Zelda games did not feature Ganon as a final boss?|Majora's Mask
Entertainment: Video Games|In Splatoon 2, who are the members of Off The Hook?|Pearl & Marina
Entertainment: Video Games|Which CS:GO eSports team won the major event ESL One Cologne 2016?|SK Gaming
Entertainment: Video Games|Before Super Smash Bros. contained Nintendo characters, what was it known as internally?|Dragon King: The Fighting Game
Entertainment: Video Games|In the 2014 Pokemon VGC Finals, which Pokemon was famous for bringing the winner to victory?|Pachirisu
Entertainment: Video Games|What was the #1 selling game on Steam by revenue in 2016?|Sid Meier's Civilization VI
Entertainment: Video Games|What Pokémon's Base Stat Total does not change when it evolves?|Scyther
Entertainment: Video Games|How many copies of the notorious E.T. game for the Atari 2600 did Atari end up selling?|1.5 Million
Entertainment: Video Games|Which of the following is NOT a Nintendo game console?|Dreamcast
Entertainment: Video Games|What minimum level in the Defence skill is needed to equip Dragon Armour in the MMO RuneScape?|60
Entertainment: Video Games|In "Overwatch," an allied McCree will say "Step right up" upon using his ultimate ability Deadeye.|True
Entertainment: Video Games|In what year was the original Sonic the Hedgehog game released?|1991
Entertainment: Video Games|Which Pokémon can learn the move "Secret Power" by leveling up?|Audino
Entertainment: Video Games|Which of the following is not a real Pokémon?|Luminid
Entertainment: Video Games|Which of the following was not developed by Bethesda?|Fallout: New Vegas
Entertainment: Video Games|In the Halo series, which era of SPARTAN is Master Chief? |SPARTAN-II
Entertainment: Video Games|In Telltale Games' "The Walking Dead: Season One" what is the name of Clementine's father?|Ed
Entertainment: Video Games|What is the item required to summon the boss Duke Fishron in the game Terraria?|Truffle Worm
Entertainment: Video Games|In the game "Overwatch," which quote does the hero "McCree" NOT say upon using his flashbang ability?|"You done?"
Entertainment: Video Games|In the Super Mario Bros. series, what game is the  "Carrot" power-up from?|Super Mario Land 2: The 6 Golden Coins
Entertainment: Video Games|Which of the following was a map that was in Team Fortress 2 at launch?|Gravel Pit
Entertainment: Video Games|What happened to Half-Life 2 prior to its release, which resulted in Valve starting over the development of the game?|The source code got leaked
Entertainment: Video Games|Which German city does the map "Clubhouse" in "Tom Clancy's Rainbow Six Siege" take place in?|Hannover
Entertainment: Video Games|Which of these is NOT a faction included in the game Counter-Strike: Global Offensive?|BOPE
Entertainment: Video Games|The mobile game "Jetpack Joyride" was released in what year? |2011
Entertainment: Video Games|In "Super Mario World", the rhino mini-boss, Reznor, is named after the lead singer of the band "Nine Inch Nails".|True
Entertainment: Video Games|When was Final Fantasy XV released?|November 29th, 2016
Entertainment: Video Games|In vanilla Minecraft, you can make armor out of all BUT which of the following?|Emeralds
Entertainment: Video Games|What year did the game "Overwatch" enter closed beta?|2015
Entertainment: Video Games|How many games are there in the "Colony Wars" series for the PlayStation?|3
Entertainment: Video Games|In Geometry Dash, what is level 13?|Electroman Adventures
Entertainment: Video Games|The Mann Co. Store from Team Fortress 2 has the slogan "We hire mercenaries and get in fights".|False
Entertainment: Video Games|Who is the main protagonist in Danganronpa 2: Goodbye Despair?|Hajime Hinata
Entertainment: Video Games|Which of these is the only fighter in the game "Super Smash Bros. Melee" capable of dealing damage with their taunt animation?|Luigi
Entertainment: Video Games|If a "360 no-scope" is one full rotation before shooting, how many rotations would a "1080 no-scope" be?|3
Entertainment: Video Games|Who created the "Metal Gear" Series?|Hideo Kojima
Entertainment: Video Games|In Resident Evil 4, the Chicago Typewriter has infinite ammo.|True
Entertainment: Video Games|What year was the game Dishonored released?|2012
Entertainment: Video Games|Which was the first M-rated video game developed by Squaresoft/Square Enix?|Parasite Eve
Entertainment: Video Games|Donkey Kong was originally set to be a Popeye arcade game.|True
Entertainment: Video Games|In most FPS video games such as Counter-Strike, shooting which part of the body does the highest damage?|Head
Entertainment: Video Games|In the original "Super Mario Bros.", what is the acceleration of Mario if he was in free fall?|91.28 m/s^2
Entertainment: Video Games|In "Overwatch", how much health does Roadhog's "Take a Breather" ability recover?|300
Entertainment: Video Games|When was the Valve Corporation founded?|August 24, 1996
Entertainment: Video Games|"The Potato Sack" was a collection of indie games released on Steam in 2011 as a promotion for which game?|Portal 2
Entertainment: Video Games|Which of these is not the name of a city in the Grand Theft Auto series?|San Andreas
Entertainment: Video Games|What was the first game in the "Battlefield" series?|Battlefield 1942
Entertainment: Video Games|What type of genre is the controversial 2015 game "Hatred"?|Shoot 'Em Up
Entertainment: Video Games|Ellen McLain, the voice of GLaDOS in the Portal game series, is married to the voice actor for which Team Fortress 2 character?|Sniper
Entertainment: Video Games|In the original Spyro game who is the first villain?|Gnasty Gnorc
Entertainment: Video Games|What is the AK-47's name in Counter Strike: Source?|CV-47
Entertainment: Video Games|In "Team Fortress 2", what is the fastest taunt kill that can be pulled off?|Showdown
Entertainment: Video Games|In Portal 2, how did CEO of Aperture Science, Cave Johnson, presumably die?|Moon Rock Poisoning
Entertainment: Video Games|In the Mario series, which game introduced Mario's Backflip ability?|Donkey Kong (Gameboy)
Entertainment: Video Games|In the original DOOM games, which of the following demons is a recolor of the Baron of Hell, but is weaker than the Baron?|Hell Knight
Entertainment: Video Games|What Touhou Project character's first ever appearance was as a midboss in the eighth game, Imperishable Night?|Tewi Inaba
Entertainment: Video Games|In the video game, Half-life, what event started the Half-life universe as we know today?|The Resonance Cascade
Entertainment: Video Games|What is the punishment for playing Postal 2 in New Zealand?|10 years in prison and a fine of $50,000
Entertainment: Video Games|What is the full name of the protagonist from the SNES game Clock Tower?|Jennifer Simpson
Entertainment: Video Games|The cake depicted in Valve's "Portal" franchise most closely resembles which real-world type of cake?|Black Forest
Entertainment: Video Games|What is the perk that was introduced in the "Call Of Duty: Zombies" map, "Mob Of The Dead"?|Electric Cherry
Entertainment: Video Games|Valve's "Portal" and "Half-Life" franchises exist within the same in-game universe.|True
Entertainment: Video Games|How much did the indie game "Cave Story" cost when it was first released in 2004?|$0 USD
Entertainment: Video Games|When was Left 4 Dead 2 released?|November 17, 2009
Entertainment: Video Games|Who is the main protagonist of Dead Space?|Isaac Clarke
Entertainment: Video Games|Unturned originally started as a Roblox game.|True
Entertainment: Video Games|In the Half-Life universe, the Black Mesa Research Facility is located in which US state?|New Mexico
Entertainment: Video Games|Which of the following Mario Kart 8 Deluxe items will NOT make you invincible?|Golden Mushroom
Entertainment: Video Games|Which weapon that was cut from the game "Half Life 2" was going to replace the crowbar?|Ice Axe
Entertainment: Video Games|Who created the 2011 Video Game "Minecraft"?|Markus Persson
Entertainment: Video Games|In what year was "Metal Gear Solid" released in North America?|1998
Entertainment: Video Games|What video game genre were the original Warcraft games?|RTS (Real Time Strategy)
Entertainment: Video Games|TF2: Sentry rocket damage falloff is calculated based on the distance between the sentry and the enemy, not the engineer and the enemy|False
Entertainment: Video Games|What is the mod "Cry of Fear" based off of?|Half-Life
Entertainment: Video Games|In Rust, how many Timed Explosive Charges does it take to destroy a Ladder Hatch?|1
Entertainment: Video Games|In Pokemon, the ability Wonder Guard is exclusive to which Pokemon? |Shedinja 
Entertainment: Video Games|Who made Garry's Mod?|Garry Newman
Entertainment: Video Games|In "Kingdom Hearts", what is the name of Sora's home world?|Destiny Islands
Entertainment: Video Games|Which of these features was added in the 1994 game "Heretic" that the original "DOOM" could not add due to limitations?|Looking up and down
Entertainment: Video Games|Why were only only 300,000 copies of Uniracers were produced?|DMA Designs was sued by Pixar, preventing more copies from being produced
Entertainment: Video Games|What was the name of the hero in the 80s animated video game 'Dragon's Lair'?|Dirk the Daring
Entertainment: Video Games|Which student in Yandere Simulator is known for asking irritating and stupid questions?|Midori Gurin
Entertainment: Video Games|What was the name of the cancelled sequel of Team Fortress?|Team Fortress 2: Brotherhood of Arms
Entertainment: Video Games|Which video game was recalled for containing a hidden, playable South Park episode?|Tiger Woods 99 PGA Tour
Entertainment: Video Games|In the game Pokémon Conquest, how many kingdoms make up the region of Ransei?|17
Entertainment: Video Games|In the Nintendo Game Splatoon 2, what is Marina's screen name?|DJ_Hyperfresh
Entertainment: Video Games|When was Steam first released?|2003
Entertainment: Video Games|Which of the following is not a playable race in the MMORPG Guild Wars 2? |Tengu
Entertainment: Video Games|Who was the mascot of SEGA before "Sonic the Hedgehog"?|Alex Kidd
Entertainment: Video Games|In the video game Overwatch, which playable character is infamous for saying "It's high noon."?|McCree
Entertainment: Video Games|In Night In The Woods, where does Gregg work?|Snack Falcon
Entertainment: Video Games|Who's the creator of Geometry Dash?|Robert Topala
Entertainment: Video Games|In the "S.T.A.L.K.E.R." series, which of these items can't be used to lower the player's accumulated radiation?|Radioprotectant
Entertainment: Video Games|In the "Call Of Duty: Zombies" map "Origins", how many numbered power generators are there?|6
Entertainment: Video Games|In the game "Undertale", who was Mettaton's creator?|Alphys
Entertainment: Video Games|What is the name of the talking cat in Persona 5?|Morgana
Entertainment: Video Games|What is the fastest speed possible in Trackmania²: Stadium?|1000  km/h
Entertainment: Video Games|The game "Jetpack Joyride" was created by "Redbrick Studios".|False
Entertainment: Video Games|In which year was League of Legends released?|2009
Entertainment: Video Games|Who is the victim mentioned in the second KG-8 incident, in Ace attorney Investigations, Case 4?|Deid Mann
Entertainment: Video Games|In Super Mario Bros., who informs Mario that the princess is in another castle?|Toad
Entertainment: Video Games|What is the name of the 8th installment in the Fire Emblem series?|The Sacred Stones
Entertainment: Video Games|"Strangereal" is a fictitious Earth-like world for which game series?|Ace Combat
Entertainment: Video Games|How many Chaos Emeralds can you collect in the first Sonic The Hedgehog?|Six
Entertainment: Video Games|Which stage was planned to be a part of "Sonic the Hedgehog 2", but was scrapped during development?|Genocide City Zone
Entertainment: Video Games|In Pokémon, Bulbasaur is the only starter pokemon that is a Grass/Poison type.|True
Entertainment: Video Games|In what year was "Antichamber" released?|2013
Entertainment: Video Games|In The Witcher 3, the Zoltan Chivay Gwent card can be found under the Hanged Man's Tree.|True
Entertainment: Video Games|In the game "Overwatch," what are the names of the two Australian criminals from the Junkers faction?|Junkrat and Roadhog
Entertainment: Video Games|Which water-type Pokémon starter was introduced in the 4th generation of the series?|Piplup
Entertainment: Video Games|In the indie farming game "Stardew Valley", which NPC hates the "prismatic shard" item when received as a gift?|Haley
Entertainment: Video Games|In Animal Crossing, who is the manager of the town shop?|Tom Nook
Entertainment: Video Games|Without enchantments, which pickaxe in minecraft mines blocks the quickest.|Golden 
Entertainment: Video Games|In the "Ace Attorney" series, what is the relationship between Apollo Justice and Trucy Wright?|They're half-siblings
Entertainment: Video Games|What is a Tetris piece called?|Tetromino
Entertainment: Video Games|In the game Dead by Daylight, the killer Michael Myers is refered to as "The Shape".|True
Entertainment: Video Games|Who's the voice actor for Thrall in the Warcraft game series?|Chris Metzen
Entertainment: Video Games|The first Maxis game to feature the fictional language "Simlish" was The Sims (2000).|False
Entertainment: Video Games|The retail disc of Tony Hawk's Pro Skater 5 only comes with the tutorial.|True
Entertainment: Video Games|In Undertale, what's the prize for answering correctly?|More questions
Entertainment: Video Games|In Dota 2, Wraith King was previously known as...|Skeleton King
Entertainment: Video Games|Who is the villain company in "Stardew Valley"?|Joja Co 
Entertainment: Video Games|In "Call Of Duty: Zombies", completing which map's easter egg will reward you with the achievement, "Time Travel Will Tell"?|Shangri-La
Entertainment: Video Games|Shang Tsung is a playable character in Mortal Kombat XL.|False
Entertainment: Video Games|What is the default alias that Princess Garnet goes by in Final Fantasy IX?|Dagger
Entertainment: Video Games|In "Sonic the Hedgehog 3" for the Sega Genesis, what is the color of the second Chaos Emerald you can get from Special Stages?|Orange
Entertainment: Video Games|In Kingdom Hearts, how many members does Organization XIII have in total?|14
Entertainment: Video Games|What were the first two blocks in "Minecraft"?|Grass and Cobblestone
Entertainment: Video Games|In what year were screenshots added to Steam?|2011
Entertainment: Video Games|Which of the following Elite Four members from the 6th Generation of Pokémon was a member of Team Flare?|Malva
Entertainment: Video Games|According to Overwatch's lore, who was once a member of the Deadlock Gang?|McCree
Entertainment: Video Games|Which of these is NOT the name of a team leader in Pokémon GO?|Leif
Entertainment: Video Games|Big the Cat is a playable character in "Sonic Generations".|False
Entertainment: Video Games|Which of the following is a class in the game "Hearthstone"?|Priest
Entertainment: Video Games|Before it's redesign of the company logo in the year 2000, which 3D shape is NOT represented in the Electronic Arts logo?|Cylinder
Entertainment: Video Games|Which of the following games has the largest map size?|Just Cause 2
Entertainment: Video Games|How many voice channels does the Super Nintendo Entertainment System support?|8
Entertainment: Video Games|In "Kingdom Hearts", what mission are Donald and Goofy assigned by King Mickey?|To find the Key bearer and stick with him!
Entertainment: Video Games|In "The Binding of Isaac", what is the name of the final boss that you fight in The Void?|Delirium
Entertainment: Video Games|Who is the leader of the Brotherhood of Nod in the Command and Conquer series?|Kane
Entertainment: Video Games|In the Animal Crossing series, which flower is erroneously called the "Jacob's Ladder"?|Lily of the Valley
Entertainment: Video Games|Which Pokemon generation did the fan-named "Masuda Method" first appear in? |Diamond/Pearl
Entertainment: Video Games|Mortal Kombat was almost based on Jean-Claude Van Damme movie.|True
Entertainment: Video Games|In PROTOTYPE 2, which of the following abilities/weapons is NOT obtained by an Evolved?|Tendrils
Entertainment: Video Games|In "League of Legends", there exists four different types of Dragon.|False
Entertainment: Video Games|What was the name of Sonic the Hedgehog's original human girlfriend?|Madonna
Entertainment: Video Games|In the game "Fire Emblem: Shadow Dragon", what is the central protagonist's name?|Marth
Entertainment: Video Games|From where does the Nintendo video game character Mario derive his name?|The landlord of the American headquarters
Entertainment: Video Games|By how many minutes are you late to work in "Half-Life"?|30
Entertainment: Video Games|English new wave musician Gary Numan founded the video game development company Facepunch Studios in March 2009.|False
Entertainment: Video Games|What is the world's first video game console?|Magnavox Odyssey
Entertainment: Video Games|Capcom's survival horror title Dead Rising, canonically starts on what day of September 2006?|September 19th
Entertainment: Video Games|Marvel vs Capcom 2: New age of Heroes was released in what year?|2000
Entertainment: Video Games|In what year was Pokémon Diamond & Pearl released in Japan?|2006
Entertainment: Video Games|Which souls game was not directed by Hidetaka Miyazaki?|Dark Souls 2
Entertainment: Video Games|Which game in the "Monster Hunter" series introduced the "Insect Glaive" weapon?|Monster Hunter 4
Entertainment: Video Games|In which location does Dark Sun Gwyndolin reside in "Dark Souls"?|Anor Londo
Entertainment: Video Games|In Dota 2, what is Earthshaker's real name?|Raigor Stonehoof
Entertainment: Video Games|Who is the creator of Touhou project?|Zun
Entertainment: Video Games|Amazon acquired Twitch in August 2014 for $970 million dollars.|True
Entertainment: Video Games|Who is the founder of Team Fortress 2's fictional company "Mann Co"?|Zepheniah Mann
Entertainment: Video Games|Which game won the "Games for Impact" award in The Game Awards 2015?|Life is Strange
Entertainment: Video Games|In Diablo lore, this lesser evil spawned from one of the seven heads of Tathamet, and was known as the Maiden of Anguish.|Andariel
Entertainment: Video Games|The game Garry's Mod originally took assets and codes from the popular Half Life 2 mod JBmod.|True
Entertainment: Video Games|What is the name of the common, gun-toting enemies of the "Oddworld" video game series?|Sligs
Entertainment: Video Games|In Riot Games "League of Legends" the name of Halloween event is called "The Reckoning".|False
Entertainment: Video Games|What is the name of Team Fortress 2's Heavy Weapons Guy's minigun?|Sasha
Entertainment: Video Games|The original mascot of the popular Nintendo game, "Splatoon" was going to be...|Mario
Entertainment: Video Games|Danganronpa 2: Goodbye Despair featured all of the surviving students from the first game.|False
Entertainment: Video Games|TF2: The Heavy's voice actor, Gary Schwartz, voices the Demoman as well |True
Entertainment: Video Games|Who voices Max Payne in the 2001 game "Max Payne"?|James McCaffrey
Entertainment: Video Games|Which of the following Call of Duty games was a PS3 launch title?|Call of Duty 3
Entertainment: Video Games|What is the boss round featured in the "Call Of Duty: Zombies" map "Five"?|The Pentagon Thief
Entertainment: Video Games|In the video game "Splatoon", the playable characters were originally going to be rabbits instead of squids.|True
Entertainment: Video Games|What is the main character's name in "Braid"?|Tim
Entertainment: Video Games|What is the only Generation III Pokemon whose name begins with the letter I?|Illumise
Entertainment: Video Games|In Fallout 4, which type of power armor is first encountered in the early mission "When Freedom Calls" in a crashed Vertibird?|T-45
Entertainment: Video Games|Who is able to grab the survivors with his tongue in Left 4 Dead?|Smoker
Entertainment: Video Games|When was Chapter 1 of the Source Engine mod "Underhell" released?|September 1st, 2013
Entertainment: Video Games|The 'D' in the term "D-Mail" from the game "Steins; Gate" is short for what?|DeLorean
Entertainment: Video Games|In Minecraft, which two items must be combined to craft a torch?|Stick and Coal
Entertainment: Video Games|How many flagship monsters appear in Monster Hunter Gernerations?|4
Entertainment: Video Games|In the game Enter the Gungeon, which one of these is not a playable character?|The Wizard
Entertainment: Video Games|In Cook, Serve, Delicious!, which food is NOT included in the game?|Pie
Entertainment: Video Games|In "Call Of Duty: Zombies", what does the game traditionally reward you for completing a boss round?|Max Ammo
Entertainment: Video Games|In the video game Undertale, what Fun Value is required to obtain the Fake Hallway?|66
Entertainment: Video Games|Peter Molyneux was the founder of Bullfrog Productions.|True
Entertainment: Video Games|In the ARPG "Path of Exile," what is the highest amount of sockets that an item can have?|6
Entertainment: Video Games|Who is the character you play as in Yume Nikki?|Madotsuki
Entertainment: Video Games|What name does the little headcrab in "Half Life 2" have?|Lamarr
Entertainment: Video Games|This weapon in Counter-Strike: Global Offensive does not exist in real life.|M4A4
Entertainment: Video Games|In the Lego Island trilogy, who taught Pepper Roni how to read?|Officer Laura Brick
Entertainment: Video Games|In the game Call of Duty, what is the last level where you play as an American soldier?|Festung Recogne
Entertainment: Video Games|What company created and developed the game "Overwatch"?|Blizzard Entertainment
Entertainment: Video Games|What is the name of a popular franchise that includes placing blocks down and surviving in an open world? |Minecraft
Entertainment: Video Games|"Rollercoaster Tycoon" was programmed mostly entirely in...|x86 Assembly
Entertainment: Video Games|What numbers did Sayaka Maizono write on the wall in Dangan Ronpa Trigger Happy Havoc?|11037
Entertainment: Video Games|How many stars are there to collect in Super Mario 64?|120
Entertainment: Video Games|"Sonic the Hedgehog 2" originally was going to have a time travel system.|True
Entertainment: Video Games|In the "S.T.A.L.K.E.R." series, the Freedom faction wishes to destroy the supernatural area known as  "the Zone".|False
Entertainment: Video Games|In "Super Mario Bros.", the clouds and bushes have the same artwork and are just different colors.|True
Entertainment: Video Games|In the Mass Effect trilogy, who is the main protagonist?|Shepard
Entertainment: Video Games|In the Super Smash Bros. series, which character was the first one to return to the series after being absent from a previous game?|Dr. Mario
Entertainment: Video Games|What is the name of the game developer who created "Call Of Duty: Zombies"?|Treyarch
Entertainment: Video Games|Which of these characters wasn't a villian in Club Penguin?|The Director
Entertainment: Video Games|Which of the following commercial vehicles from Grand Theft Auto IV did NOT reappear in Grand Theft Auto V?|Steed
Entertainment: Video Games|Which of the following weapons in "Counter-Strike: Global Offensive" does not have a right-click function?|XM1014
Entertainment: Video Games|What was the name of the Secret Organization in the Hotline Miami series? |50 Blessings
Entertainment: Video Games|What is the name of the main healing item in Dark Souls?|Estus Flask
Entertainment: Video Games|Which game is NOT part of the Science Adventure series by 5pb. and Nitroplus?|Occultic; Nine
Entertainment: Video Games|What is the title of song on the main menu in Halo?|Halo
Entertainment: Video Games|Which of the following games in the The Legend of Zelda franchise was released in Japan before North America?|The Legend of Zelda: The Minish Cap
Entertainment: Video Games|What was the original name of  "Minecraft"?|Cave Game
Entertainment: Video Games|What is the name of the main character in the video game VA-11 HALL-A: Cyberpunk Bartender Action?|Jill
Entertainment: Video Games|What CoD "Deathstreak" is only featured in Call of Duty : Modern Warfare 2?|Copycat
Entertainment: Video Games|In Call of Duty: United Offensive, what two soldiers share a name of a video game character?|Gordon & Freeman
Entertainment: Video Games|Who voices the character "Vernon Cherry" in "Red Dead Redemption"?|Casey Mongillo
Entertainment: Video Games|Who are the original creators of Rachet & Clank?|Insomniac Games
Entertainment: Video Games|In the MMO RPG "Realm of the Mad God", what class is known for having the highest possible defense?|The Knight
Entertainment: Video Games|In the video game "Postal 2", what is the name of Postal Dude's dog?|Champ
Entertainment: Video Games|According to the lore of "Starbound", what does the "Colony Deed" do when it is placed down?|Sends out an advertisement for someone to move in.
Entertainment: Video Games|In Undertale, how much do Spider Donuts cost in Hotland?|9999G
Entertainment: Video Games|Which of the following is a character in the video game Destiny?|Cayde-6
Entertainment: Video Games|Which puzzle game was designed by a Russian programmer, featuring Russian buildings and music?|Tetris
Entertainment: Video Games|What is the original name of Final Fantasy XV?|Final Fantasy Versus XIII
Entertainment: Video Games|What is the first weapon you acquire in Half-Life?|A crowbar
Entertainment: Video Games|The Bracken from Lethal Company is also known as:|The Flower Man
Entertainment: Video Games|What former MOBA, created by Waystone Games and published by EA, was shut down in 2014?|Dawngate
Entertainment: Video Games|In "Call Of Duty: Zombies", what is the name of the Pack-A-Punched Crossbow?|Awful Lawton
Entertainment: Video Games|In the "Portal" series, who was Cave Johnson's personal assistant?|Caroline
Entertainment: Video Games|In PROTOTYPE 2. who is referred to as "Tango Primary"?|James Heller
Entertainment: Video Games|In "Undertale", the main character of the game is Sans.|False
Entertainment: Video Games|The most graphically violent game to precede the creation of the ESRB (Entertainment Software Rating Board) was...|Mortal Kombat
Entertainment: Video Games|Killing Floor started as a mod for which Unreal Engine 2 game?|Unreal Tournament 2004
Entertainment: Video Games|What is the homeworld of the Elites from Halo?|Sanghelios
Entertainment: Video Games|What was the first .hack game?|.hack//Infection
Entertainment: Video Games|How many classes are there in Team Fortress 2?|9
Entertainment: Video Games|Which of the following characters is NOT a female marriage candidate in the game Stardew Valley?|Caroline
Entertainment: Video Games|Which of these characters in "Undertale" can the player NOT go on a date with?|Toriel
Entertainment: Video Games|Which one of these characters was first introduced in Sonic Boom: Rise of Lyric?|Sticks the Badger
Entertainment: Video Games|Which one of these games came out first?|Terraria
Entertainment: Video Games|What is not a default game mode in Counter-Strike (2000)?|Arms Race
Entertainment: Video Games|In Terraria, you can craft the Cell Phone pre-hardmode.|True
Entertainment: Video Games|Which city hosted the CS:GO Dreamhack Open 2015?|Cluj-Napoca
Entertainment: Video Games|Which variant of the MP5 is depicted in Counter-Strike 1.6?|MP5N
Entertainment: Video Games|In "Overwatch," what is the hero McCree's full name?|Jesse McCree
Entertainment: Video Games|Toby Fox's "Megalovania" was first used where?|Radiation's Earthbound Halloween Hack
Entertainment: Video Games|What year was the video game streaming platform TwitchTV founded?|2011
Entertainment: Video Games|In "Resident Evil", only Chris has access to the grenade launcher.|False
Entertainment: Video Games|How many trophies are there in "Super Smash Bros. for Nintendo 3DS"?|685
Entertainment: Video Games|Aperture Science CEO Cave Johnson is voiced by which American actor?|J.K. Simmons
Entertainment: Video Games|In the original DOOM (1993) which of the following is NOT a cheat code?|IDCLIP
Entertainment: Video Games|Which drive form was added into Kingdom Hearts II Final Mix?|Limit Form
Entertainment: Video Games|In the game "Terraria", which of these bosses are pre-hardmode bosses?|Eye of Cthulhu
Entertainment: Video Games|Which game in the "Dark Souls" series does the player play as the "Ashen One"?|Dark Souls III
Entertainment: Video Games|What was the main currency in Club Penguin?|Coins
Entertainment: Video Games|Tetris is the #1 best-selling video game of all-time.|False
Entertainment: Video Games|In Pokemon Red & Blue, what is the name of HM05?|Flash
Entertainment: Video Games|Which of these is NOT a name of a city in the main island of PLAYERUNKNOWN'S BATTLEGROUNDS?|Belushya Guba
Entertainment: Video Games|What was the first PlayStation game to require the use of the DualShock controller?|Ape Escape
Entertainment: Video Games|Which Crypt of the NecroDancer (2015) character has a soundtrack by Jake "Virt" Kaufman?|Uncle Eli
Entertainment: Video Games|What is the name of the main character in "Life is Strange"?|Maxine Caulfield
Entertainment: Video Games|There are 2 player roles in Trouble in Terrorist Town.|False
Entertainment: Video Games|In "Call Of Duty: Zombies", completing which map's main easter egg will reward you with the achievement, "Little Lost Girl"?|Origins
Entertainment: Video Games|How long are all the cutscenes from Metal Gear Solid 4 (PS3, 2008) combined?|8 hours
Entertainment: Video Games|What is the name of the largest planet in Kerbal Space Program?|Jool
Entertainment: Video Games|What video game sparked controversy because of its hidden "Hot Coffee" minigame?|Grand Theft Auto: San Andreas
Entertainment: Video Games|In Final Fantasy XIV, what is the name of the Deep Dungeon that was introduced in the expansion pack, Heavensward?|Palace of the Dead
Entertainment: Video Games|The “fairy” type made it’s debut in which generation of the Pokemon core series games?|6th
Entertainment: Video Games|"Exile" and "Revelations" were the third and fourth installments of which PC game series?|Myst
Entertainment: Video Games|Which occupation did John Tanner, the main protagonist for Driver and Driver 2, had before turning into an undercover cop?|Racing Driver
Entertainment: Video Games|How many times do you fight the Imprisoned in The Legend of Zelda: Skyward Sword?|3
Entertainment: Video Games|In the fighting game "Skullgirls," which character utilizes a folding chair called the "Hurting" as a weapon?|Beowulf
Entertainment: Video Games|Who is the main character in most of the games of the YS series?|Adol Christin 
Entertainment: Video Games|In the first Left 4 Dead, you can play as either of these four characters.|Francis, Bill, Zoey, and Louis
Entertainment: Video Games|What name did "Mario", from "Super Mario Brothers", originally have?|Ossan
Entertainment: Video Games|What was Frank West's job in "Dead Rising"?|Photojournalist
Entertainment: Video Games|GoldenEye 007 on the Nintendo 64 was planned to allow you to play as all previous Bond actors, with the exception of who?|George Lazenby
Entertainment: Video Games|Which character from the Mega Man series made a small cameo on Volt Catfish's introduction scene in CD versions of Mega Man X3?|Auto
Entertainment: Video Games|What device allows Tracer to manipulate her own time in the game "Overwatch"?|Chronal Accelerator
Entertainment: Video Games|The ghosts in "Pac-Man" and "Ms. Pac-Man" have completely different behavior.|True
Entertainment: Video Games|Which of these is NOT a team available in the game Pokémon Go?|Team Rocket
Entertainment: Video Games|In "Mario Kart 64", Waluigi is a playable character.|False
Entertainment: Video Games|In the game Half-Life, which enemy is showcased as the final boss?|The Nihilanth
Entertainment: Cartoon & Animations|Who created the Cartoon Network series "Adventure Time"?|Pendleton Ward
Entertainment: Cartoon & Animations|What is lost in Hawaiian and is also the name of a little girl in a 2002 film which features a alien named "Stitch"?|Lilo
Entertainment: Cartoon & Animations|What was the first Disney movie to use CGI?|The Black Cauldron
Entertainment: Cartoon & Animations|Nutcracker Suite was one of the musical pieces featured in Disney's 1940's film Fantasia.|True
Entertainment: Cartoon & Animations|Which of these is NOT a catchphrase used by Rick Sanchez in the TV show "Rick and Morty"?|Slam dunk, nothing but net!
Entertainment: Cartoon & Animations|Butters Stotch, Pip Pirrup, and Wendy Testaburger are all characters in which long running animated TV series?|South Park
Entertainment: Cartoon & Animations|What is Scooby-Doo's real name?|Scoobert
Entertainment: Cartoon & Animations|Who is the only voice actor to have a speaking part in all of the Disney Pixar feature films? |John Ratzenberger
Entertainment: Cartoon & Animations|In the show "Steven Universe", who are the main two employees of The Big Donut?|Sadie and Lars
Entertainment: Cartoon & Animations|Which of these is not a real character in the cartoon series My Little Pony: Friendship is Magic?|Rose Marene
Entertainment: Cartoon & Animations|Wendy O. Koopa appeared in the Super Mario DIC Cartoons, but what was she known as?|Kootie Pie
Entertainment: Cartoon & Animations|Who voiced Finn in Adventure Time?|Jeremy Shada
Entertainment: Cartoon & Animations|Night on Bald Mountain was one of the musical pieces featured in Disney's 1940's film Fantasia.|True
Entertainment: Cartoon & Animations|Which of the following is not a Flintstones character?|Lord Rockingham IX
Entertainment: Cartoon & Animations|The song 'Little April Shower' features in which Disney cartoon film?|Bambi
Entertainment: Cartoon & Animations|In South Park, what is Stan's surname?|Marsh
Entertainment: Cartoon & Animations|Who played Stan's dog in the South Park episode "Big Gay Al's Big Gay Boat Ride"?|George Clooney
Entertainment: Cartoon & Animations|In "Avatar: The Last Airbender" and "The Legend of Korra", Lavabending is a specialized bending technique of Firebending.|False
Entertainment: Cartoon & Animations|Who is the "dumb blonde" character in Nickelodeon's "The Loud House"?|Leni
Entertainment: Cartoon & Animations|Donald Duck played the role of Bob Cratchit in Disney's 1983 adaptation of A Christmas Carol.|False
Entertainment: Cartoon & Animations|In The Simpsons, which war did Seymour Skinner serve in the USA Army as a Green Beret?|Vietnam War
Entertainment: Cartoon & Animations|In "The Simpsons", where did Homer and Marge first meet?|At Summer Camp
Entertainment: Cartoon & Animations|Which of these is NOT a Disney cartoon character?|Daffy Duck
Entertainment: Cartoon & Animations|What is Everest's favorite food in the Nickelodeon/Nick Jr. series "PAW Patrol"?|Liver
Entertainment: Cartoon & Animations|Which episode from The Amazing World Of Gumball won the Childrens Choice Award at the British Animation Awards in 2016?|The Shell
Entertainment: Cartoon & Animations|Which city did Anger berate for ruining pizza in "Inside Out"?|San Francisco
Entertainment: Cartoon & Animations|Benny, Brain, Fancy-Fancy, Spook and Choo-Choo were known associates of what Hanna Barbera cartoon character?|Top Cat
Entertainment: Cartoon & Animations|Nickelodeon is owned by what parent company?|Viacom
Entertainment: Cartoon & Animations|In the 1968 Cartoon Show "Wacky Races" what was the name of cavemen duo who rode in The Boulder Mobile?|The Slag Brothers
Entertainment: Cartoon & Animations|Adam West was the mayor of which cartoon town?|Quahog
Entertainment: Cartoon & Animations|In the web-comic Homestuck, what is the name of the game the 4 kids play?|Sburb
Entertainment: Cartoon & Animations|Bill Cipher in the show "Gravity Falls" is the good guy.|False
Entertainment: Cartoon & Animations|What was the number on Gerald's shirt in "Hey Arnold!"?|33
Entertainment: Cartoon & Animations|Who created "RWBY"?|Monty Oum
Entertainment: Cartoon & Animations|Which Hanna-Barbera cartoon character travelled with a canine companion named Beegle Beagle?|Grape Ape
Entertainment: Cartoon & Animations|In "SpongeBob SquarePants", what is the name of Sandy Cheek's place of residence?|Sandy's Treedome
Entertainment: Cartoon & Animations|Who voices for Ruby in the animated series RWBY?|Lindsay Jones
Entertainment: Cartoon & Animations|What town was "Springfield" from "The Simpsons" originally named after?|Springfield, Oregon
Entertainment: Cartoon & Animations|Which of the following films was Don Bluth both the writer, director, and producer for?|All Dogs Go To Heaven
Entertainment: Cartoon & Animations|In "Rick and Morty", from which dimension do Rick and Morty originate from?|C-137
Entertainment: Cartoon & Animations|In the show "Foster's Home For Imaginary Friends", which character had an obsession with basketball?|Wilt
Entertainment: Cartoon & Animations|What is the name of the Alligator that The Simpsons "killed" in the episode "Kill The Alligator and Run"?|Captain Jack
Entertainment: Cartoon & Animations|In "Gravity Falls", what does Quentin Trembley do when he is driven out from the White House?|Eat a salamander and jump out the window.
Entertainment: Cartoon & Animations|Which singer provided the voice of Metroid's Mother Brain in the animated series "Captain N: The Game Master"?|Levi Stubbs
Entertainment: Cartoon & Animations|How many episodes were in season five of Samurai Jack?|10
Entertainment: Cartoon & Animations|In the show "Fat Albert and the Cosby Kids", what is the name of the characters' fictional gang?|The Junkyard Gang
Entertainment: Cartoon & Animations|What is the name of Sid's dog in "Toy Story"?|Scud
Entertainment: Cartoon & Animations|What ability does Princess Sofia the First have from her amulet that allows her to breathe underwater?|Mermaid Transformation
Entertainment: Cartoon & Animations|What is the relationship between Rick and Morty in the show "Rick and Morty"?|Grandfather and Grandson
Entertainment: Cartoon & Animations|What was the name of the sea witch in the 1989 Disney film "The Little Mermaid"?|Ursula
Entertainment: Cartoon & Animations|Snagglepuss was part of the Yogi Yahooies in the 1977 show Scooby's All-Star Laff-a-Lympics.|False
Entertainment: Cartoon & Animations|In "Gravity Falls", the character Bill Cipher remarks that "the universe is what?"|A hologram 
Entertainment: Cartoon & Animations|What Cartoon Network show aired its first episode on November 4th, 2013?|Steven Universe
Entertainment: Cartoon & Animations|Which one of these cartoon characters is NOT voiced by Rob Paulsen?|Max Tennyson (Ben 10)
Entertainment: Cartoon & Animations|When did the last episode of "Futurama" air before returning in 2023?|September 4, 2013
Entertainment: Cartoon & Animations|In the TV show "Rick and Morty", Rick uses the catchphrase "Wubba Lubba Dub Dub", which means what in Birdperson?|I am in great pain, please help me.
Entertainment: Cartoon & Animations|In "Avatar: The Last Airbender", which element does Aang begin to learn after being defrosted?|Water
Entertainment: Cartoon & Animations|What is the name of Ruby Rose's weapon from RWBY?|Crescent Rose
Entertainment: Cartoon & Animations|What was the name of Jonny's pet dog in The Adventures of Jonny Quest?|Bandit
Entertainment: Cartoon & Animations|What is the standard frame rate for animation?|24 FPS
Entertainment: Cartoon & Animations|Nickelodeon rejected the pilot to Adventure Time.|True
Entertainment: Cartoon & Animations|In the 1993 Disney animated series "Bonkers", what is the name of Bonker's second partner?|Miranda Wright
Entertainment: Cartoon & Animations|In the animated series RWBY, what is the name of the weapon used by Weiss Schnee?|Myrtenaster
Entertainment: Cartoon & Animations|Who created the Cartoon Network series "Regular Show"?|J. G. Quintel
Entertainment: Cartoon & Animations|In "Gravity Falls", how much does Waddles weigh when Mable wins him in "The Time Traveler's Pig"?|15 pounds
Entertainment: Cartoon & Animations|Which 'Family Guy' character got his own spin-off show in 2009?|Cleveland Brown
Entertainment: Cartoon & Animations|Who voice acted the character Hiccup in the movie "How to Train Your Dragon"?|Jay Baruchel
Entertainment: Cartoon & Animations|What is the cartoon character, Andy Capp, known as in Germany?|Willi Wakker
Entertainment: Cartoon & Animations|In "The Amazing World of Gumball", who is the principal of Elmore Junior High?|Principal Brown
Entertainment: Cartoon & Animations|What year was the Disney film "A Goofy Movie" released?|1995
Entertainment: Cartoon & Animations|In the "Star Wars" universe, what species is Grand Admiral Thrawn?|Chiss
Entertainment: Cartoon & Animations|Which of these characters live in a pineapple under the sea in the cartoon "SpongeBob SquarePants".|SpongeBob SquarePants 
Entertainment: Cartoon & Animations|Who was the villain of ''The Lion King''?|Scar
Entertainment: Cartoon & Animations|Waylon Smithers from "The Simpsons" was originally black when he first appeared in the series.|True
Entertainment: Cartoon & Animations|Which Sanrio character was introduced in 1996?|Pompompurin
Entertainment: Cartoon & Animations|The stop motion comedy show "Robot Chicken" was created by which of the following?|Seth Green
Entertainment: Cartoon & Animations|Which "Toy Story" character was voiced by Don Rickles?|Mr. Potato Head
Entertainment: Cartoon & Animations|Blue Danube was one of the musical pieces featured in Disney's 1940's film Fantasia.|False
Entertainment: Cartoon & Animations|What was Maggie Simpson's first canonical word, not including the Tracey Ullman shorts?|Daddy.
Entertainment: Cartoon & Animations|In the 1969 Cartoon show "Dastardly and Muttley in Their Flying Machines", which were NOT one of the lyrics in the opening theme?|Stab him
Entertainment: Cartoon & Animations|In the "Shrek" film franchise, Donkey is played by Eddie Murphy.|True
Entertainment: Cartoon & Animations|In the Pixar film, "Toy Story" what was the name of the child who owned the toys?|Andy
Entertainment: Cartoon & Animations|What is Dipper's real name from "Gravity Falls"?|Mason Pines
Entertainment: Cartoon & Animations|Which of these characters from "SpongeBob SquarePants" is not a squid?|Gary
Entertainment: Cartoon & Animations|What animated internet character is known to answer emails with his boxing gloves?|Strong Bad
Entertainment: Cartoon & Animations|Which of the following did not feature in the cartoon 'Wacky Races'?|The Dragon Wagon
Entertainment: Cartoon & Animations|In "My Little Pony: Friendship is Magic", which of these ponies represents the quality of honesty?|Applejack
Entertainment: Cartoon & Animations|Townsend Coleman provided the voice for which turtle in the original 1987 series of "Teenage Mutant Ninja Turtles"?|Michelangelo
Entertainment: Cartoon & Animations|Which Teenage Mutant Ninja Turtle traditionally wears an orange bandana?|Michelangelo
Science: Mathematics|What is the symbol for Displacement?|Δr
Science: Mathematics|What is the area of a circle with a diameter of 20 inches if π= 3.1415?|314.15 Inches
Science: Mathematics|What shape does sin(x) or cos(x) make on a graph?|Waves
Science: Mathematics|What is the plane curve proposed by Descartes to challenge Fermat's extremum-finding techniques called?|Folium of Descartes
Science: Mathematics|111,111,111 x 111,111,111 = 12,345,678,987,654,321|True
Science: Mathematics|What is the fourth digit of π?|1
Science: Mathematics|How many zeros are there in a googol?|100
Science: Mathematics|What is the first Mersenne prime exponent over 1000?|1279
Science: Mathematics|In Topology, the complement of an open set is a closed set.|True
Science: Mathematics|What is the approximate value of mathematical constant e?|2.72
Science: Mathematics|In the hexadecimal system, what number comes after 9?|The Letter A
Science: Mathematics|How many sides does a trapezium have?|4
Science: Mathematics|The metric prefix "atto-" makes a measurement how much smaller than the base unit?|One Quintillionth
Science: Mathematics|What prime number comes next after 19?|23
Science: Mathematics|Which of the following mathematicians made major contributions to game theory?|John Von Neumann
Science: Mathematics|The sum of any two odd integers is odd.|False
Science: Mathematics|How many zeptometres are inside one femtometre?|1,000,000
Science: Mathematics|E = MC3|False
Science: Mathematics|An equilateral triangle always has every angle measuring 60°.|True
Science: Mathematics|In Roman Numerals, what does XL equate to?|40
Science: Mathematics|Which greek mathematician ran through the streets of Syracuse naked while shouting "Eureka" after discovering the principle of displacement?|Archimedes
Science: Mathematics|The French mathematician Évariste Galois is primarily known for his work in which?|Galois Theory
Science: Mathematics|What's the square root of 49?|7
Science: Mathematics|The binary number "101001101" is equivalent to the Decimal number "334"|False
Science: Mathematics|To the nearest whole number, how many radians are in a whole circle?|6
Science: Mathematics|A universal set, or a set that contains all sets, exists.|False
Science: Mathematics|A scalene triangle has two sides of equal length.|False
Science: Mathematics|How many books are in Euclid's Elements of Geometry?|13
Science: Mathematics|What is the derivative of Acceleration with respect to time?|Jerk
Science: Mathematics|The decimal number 31 in hexadecimal would be what?|1F
Science: Mathematics|In the complex plane, multiplying a given function by i rotates it anti-clockwise by how many degrees?|90
Science: Mathematics|The set of all algebraic numbers is countable.|True
Science: Mathematics|What is the smallest number that can be expressed as the sum of two positive cubes in two different ways?|1729
Science: Mathematics|What type of function is x²+2x+1?|Quadratic
Science: Mathematics|Which mathematician refused the Fields Medal?|Grigori Perelman
Science: Mathematics|What are the first 6 digits of the number "Pi"?|3.14159
Science: Mathematics|How many Millibars (mbar) to 1 Inch of Mercury (inHg)|33.9
Science: Mathematics|An isosceles triangle has two sides of equal length as opposed to three.|True
Science: Mathematics|How many sides does a heptagon have?|7
Science: Mathematics|What is the correct order of operations for solving equations?|Parentheses, Exponents, Multiplication, Division, Addition, Subtraction
Science: Mathematics|Which of the following dice is not a platonic solid?|10-sided die
Science: Mathematics|The proof for the Chinese Remainder Theorem used in Number Theory was NOT developed by its first publisher, Sun Tzu.|True
Science: Mathematics|What Greek letter is used to signify summation?|Sigma
Science: Mathematics|L'Hôpital was the mathematician who created the homonymous rule that uses derivatives to evaluate limits with indeterminations.|False
Science: Mathematics|What is the alphanumeric representation of the imaginary number?|i
Science: Mathematics|The notion of a "set that contains all sets which do not contain themselves" is a paradoxical idea attributed to which English philospher?|Bertrand Russel
Science: Mathematics|A 'Millinillion' is a real number.|True
Science: Mathematics|If you could fold a piece of paper in half 50 times, its' thickness will be 3/4th the distance from the Earth to the Sun.|True
Science: Mathematics|What is the Roman numeral for 500?|D
Science: Mathematics|The 'Squaring the Circle' problem is solvable.|False
Science: Mathematics|You can square root a negative number with an imaginary number "i".|True
Science: Mathematics|Zero factorial is equal to zero. |False
Science: Mathematics|Which of these numbers is closest to the total number of possible states for an army standard Enigma Machine?|1.58 x 10^20
Science: Mathematics|The Pythagorean theorem states that the square of the hypotenuse is equal to the product of the squares of the other two sides.|False
Science: Mathematics|Which of the following famous mathematicians died in a duel at the age of 20?|Galois
Entertainment: Film|Which famous singer was portrayed by actor Kevin Spacey in the 2004 biographical film "Beyond the Sea"?|Bobby Darin
Entertainment: Film|What is the name of the assassin in the first "Hellboy" movie?|Karl Ruprecht Kroenen
Entertainment: Film|What three movies, in order from release date, make up the "Dollars Trilogy"?|"A Fistful of Dollars", "For a Few Dollars More", "The Good, the Bad, and the Ugly"
Entertainment: Film|Which actor plays Obi-Wan Kenobi in Star Wars Episodes I-lll?|Ewan McGregor
Entertainment: Film|In Back to the Future Part II, Marty and Dr. Emmett Brown go to which future date?|October 21, 2015
Entertainment: Film|The Xenomorph from the science fiction film "Alien" has acidic blood.|True
Entertainment: Film|About how much money did it cost for Tommy Wiseau to make his masterpiece "The Room" (2003)?|$6 Million
Entertainment: Film|In the 1995 film "Balto", who are Steele's accomplices?|Kaltag, Nikki, and Star
Entertainment: Film|Matt Damon played an astronaut stranded on an extraterrestrial planet in both of the movies Interstellar and The Martian.|True
Entertainment: Film|Daniel Radcliffe became a global star in the film industry due to his performance in which film franchise?|Harry Potter
Entertainment: Film|Which of the following actors does not play a role in the movie "The Usual Suspects?"|Steve Buscemi
Entertainment: Film|Which of these films is NOT set in Los Angeles?|RoboCop
Entertainment: Film|Which of the following was not one of "The Magnificent Seven"?|Clint Eastwood
Entertainment: Film|There aren't any live-action clones in "Star Wars: Episode III - Revenge of the Sith".|True
Entertainment: Film|In The Lord of the Rings: The Fellowship of the Ring, which one of the following characters from the book was left out of the film?|Tom Bombadil
Entertainment: Film|Which iconic character is featured in movies such as "The Enforcer", "Sudden Impact", and "The Dead Pool"?|Dirty Harry
Entertainment: Film|In which 1955 film does Frank Sinatra play Nathan Detroit?|Guys and Dolls
Entertainment: Film|The 1996 film 'Fargo' is primarily set in which US state?|Minnesota
Entertainment: Film|In "ALF", what was ALF's real name?|Gordon Shumway
Entertainment: Film|In the movie "Blade Runner", what is the term used for human-like androids ?|Replicants
Entertainment: Film|In the 1979 British film "Quadrophenia" what is the name of the main protagonist?|Jimmy Cooper
Entertainment: Film|This trope refers to minor characters that are killed off to show how a monster works.|Red Shirt
Entertainment: Film|What was Dorothy's surname in 'The Wizard Of Oz'?|Gale
Entertainment: Film|"Foodfight!" earned less than $80,000 at box office.|True
Entertainment: Film|The 1939 movie "The Wizard of Oz" contained a horse that changed color, what material did they use to achieve this effect?|Gelatin
Entertainment: Film|In the 1971 film "Willy Wonka & the Chocolate Factory", who played Willy Wonka?|Gene Wilder
Entertainment: Film|Which actors made up the trio in "The Good, the Bad, and the Ugly"? |Clint Eastwood, Eli Wallach, and Lee Van Cleef
Entertainment: Film|Which animated film did Steven Lisberger direct in 1980 before going on to direct Tron?|Animalympics
Entertainment: Film|What was the name of the planet in "Aliens"?|LV-426
Entertainment: Film|Leonardo DiCaprio won an Oscar for Best Actor in 2004's "The Aviator".|False
Entertainment: Film|Which 90's comedy cult classic features cameos appearances from Meat Loaf, Alice Cooper and Chris Farley?|Wayne's World
Entertainment: Film|In "Star Trek Nemesis", why was Praetor Shinzon created?|To replace Picard as a Romulan Agent
Entertainment: Film|What was Humphrey Bogart's middle name?|DeForest
Entertainment: Film|Which of the following is NOT a quote from the 1942 film Casablanca? |"Frankly, my dear, I don't give a damn."
Entertainment: Film|In the Friday The 13th series, what is Jason's mother's first name?|Pamela
Entertainment: Film|Which singer is portrayed by Bruce Campbell in the 2002 film 'Bubba Ho-Tep'?|Elvis Presley
Entertainment: Film|What type of cheese, loved by Wallace and Gromit, had it's sale prices rise after their successful short films?|Wensleydale
Entertainment: Film|Which actor and martial artist starred as Colonel Guile in the 1994 action film adaptation of Street Fighter?|Jean-Claude Van Damme
Entertainment: Film|What is the name of James Dean's character in the 1955 movie "Rebel Without a Cause"?|Jim Stark
Entertainment: Film|Before "Jurassic Park III" was finalized and the Spinosaurus was chosen, which dinosaur was going to be the star?|Baryonyx
Entertainment: Film|Ewan McGregor did not know the name of the second prequel film of Star Wars during and after filming.|True
Entertainment: Film|Han Solo's co-pilot and best friend, "Chewbacca", is an Ewok.|False
Entertainment: Film|What is the name of the villian in the 2015 Russian-American Sci-Fi Movie "Hardcore Henry"?|Akan
Entertainment: Film|Which of these actors/actresses is NOT a part of the cast for the 2016 movie "Suicide Squad"?|Scarlett Johansson
Entertainment: Film|Who played the female lead in the 1933 film "King Kong"?|Fay Wray
Entertainment: Film|What is the correct phrase for the Latin saying "Romanes Eunt Domus" in Monty Python's Life of Brian?|Romani Ite Domum
Entertainment: Film|Who directed "E.T. the Extra-Terrestrial" (1982)?|Steven Spielberg
Entertainment: Film|Which town is the setting for the Disney movie The Love Bug (1968)?|San Francisco
Entertainment: Film|The 2002 film "28 Days Later" is mainly set in which European country?|United Kingdom
Entertainment: Film|After India, which country produces the second most movies per year?|Nigeria
Entertainment: Film|This movie contains the quote, "What we've got here is a failure to communicate."|Cool Hand Luke
Entertainment: Film|In the original Star Wars trilogy, David Prowse was the actor who physically portrayed Darth Vader.|True
Entertainment: Film|Who did the score to the original Blade Runner?|Vangelis
Entertainment: Film|What is the birth name of Michael Caine?|Maurice Micklewhite
Entertainment: Film|Who voiced the character Draco in the 1996 movie 'DragonHeart'?|Sean Connery
Entertainment: Film|This movie contains the quote, "I love the smell of napalm in the morning!"|Apocalypse Now
Entertainment: Film|In the Super Mario Bros. Movie (2023), who plays Toad?|Keegan-Michael Key
Entertainment: Film|The movie "The Nightmare before Christmas" was all done with physical objects.|True
Entertainment: Film|What was the first movie to ever use a Wilhelm Scream?|Distant Drums
Entertainment: Film|In which 1973 film does Yul Brynner play a robotic cowboy who malfunctions and goes on a killing	spree?|Westworld
Entertainment: Film|In the 1999 movie Fight Club, which of these is not a rule of the "fight club"?|Always wear a shirt
Entertainment: Film|Which animated movie was first to feature a celebrity as a voice actor?|Aladdin
Entertainment: Film|Who performed the opening theme song for the James Bond 007 movie "Goldfinger"?|Shirley Basey
Entertainment: Film|In the 1974 Christmas flick "The Year Without a Santa Claus," what are the names of the two elves who help Mrs. Claus save Christmas?|Jingle & Jangle
Entertainment: Film|Who starred in the film 1973 movie "Enter The Dragon"?|Bruce Lee
Entertainment: Film|What is the name of the character Nicolas Cage plays in the movie "National Treasure?"|Benjamin Franklin Gates
Entertainment: Film|Which sci-fi cult films plot concerns aliens attempting to prevent humans from creating a doomsday weapon?|Plan 9 from Outer Space
Entertainment: Film|What is the species of the "Predator" in the 1987 movie "Predator"?|Yautja
Entertainment: Film|What name did Tom Hanks give to his volleyball companion in the film `Cast Away`?|Wilson
Entertainment: Film|What was Marilyn Monroe`s character's first name in the film "Some Like It Hot"?|Sugar
Entertainment: Film|In the "Jurassic Park" universe, what was the first dinosaur cloned by InGen in 1986?|Velociraptor
Entertainment: Film|Who is the main protagonist in, the 1985 film, Back to the Future?|Marty McFly
Entertainment: Film|Which boxer was famous for striking the gong in the introduction to J. Arthur Rank films?|Bombardier Billy Wells
Entertainment: Film|What does TIE stand for in reference to the TIE Fighter in "Star Wars"?|Twin Ion Engine
Entertainment: Film|The 2010 film "The Social Network" is a biographical drama film about MySpace founder Tom Anderson.|False
Entertainment: Film|Which stand-up comedian voiced the talking parrot "Iago" in Disney's 1992 adaptation of Aladdin?|Gilbert Gottfried
Entertainment: Film|Darth Vader's famous reveal to Luke is iconic. But which of these is the right one?|"No. I am your father."
Entertainment: Film|Which movie includes a giant bunny-like spirit who has magic powers including growing trees?|My Neighbor Totoro
Entertainment: Film|The original ending of "Little Shop Of Horrors" has the plants taking over the world.|True
Entertainment: Film|What is the correct spelling of the protagonist of the book in The NeverEnding Story (1984)?|Atreyu
Entertainment: Film|In the 2010 Nightmare on Elm Street reboot, who played Freddy Kruger?|Jackie Earle Haley
Entertainment: Film|In the original script of "The Matrix", the machines used humans as additional computing power instead of batteries.|True
Entertainment: Film|When was the movie 'Con Air' released?|1997
Entertainment: Film|Who plays the character of Po in the Kung Fu Panda movies?|Jack Black
Entertainment: Film|In the "Jurassic Park" universe, when did "Jurassic Park: San Diego" begin construction?|1985
Entertainment: Film|In the movie Gremlins, after what time of day should you not feed Mogwai?|Midnight
Entertainment: Film|What was the first feature-length computer-animated movie?|Toy Story
Entertainment: Film|Which movie of film director Stanley Kubrick is known to be an adaptation of a Stephen King novel?|The Shining
Entertainment: Film|How much money did the 2019 Marvel movie "Avengers: Endgame" grossed for it's record-breaking worldwide opening weekend?|1.2 billion USD
Entertainment: Film|In what year was the movie "Police Academy" released?|1984
Entertainment: Film|What is the name of the dog that played Toto in the 1939 film "The Wizard of Oz"?|Terry
Entertainment: Film|Which one of these films are shot entirely in one-take?|Russian Ark
Entertainment: Film|George Lucas directed the entire original Star Wars trilogy.|False
Entertainment: Film|Which movie contains the quote, "Say hello to my little friend!"?|Scarface
Entertainment: Film|Which of the following James Bond villains is not affiliated with the SPECTRE organization?|Auric Goldfinger
Entertainment: Film|In Finding Nemo, what was the name of Nemo's mom?|Coral
Entertainment: Film|In the film "Harry Potter and the Order of The Phoenix", why was Harry Potter's scream, after Sirius Black died, muted?|Too Agonizing
Entertainment: Film|Which of the following films was directed by Ivan Reitman, written by Gary Ross, featured Kevin Kline, and was released in 1993?|Dave
Entertainment: Film|Who directed the movies "Pulp Fiction", "Reservoir Dogs" and "Django Unchained"?|Quentin Tarantino
Entertainment: Film|In the 2014 film "Birdman", what is the primary instrument in the score?|Drums
Entertainment: Film|What historical time period was the center of the Assassin’s Creed movie (2016)?|Spanish Inquisition
Entertainment: Film|Which movie sequel had improved box office results compared to its original film?|Toy Story 2
Entertainment: Film|What was another suggested name for, the 1985 film, Back to the Future?|Spaceman From Pluto
Entertainment: Film|In the 1976 film 'Taxi Driver', how many guns did Travis buy from the salesman?|4
Entertainment: Film|The film Mad Max: Fury Road features the Dies Irae  from which composer's requiem?|Verdi
Entertainment: Film|"The first rule is: you don't talk about it" is a reference to which movie?|Fight Club
Entertainment: Film|Which documentary film maker wrote and starred in the film "My Scientology Movie" which first debuted in 2015?|Louis Theroux
Entertainment: Film|Which of the following films was NOT directed by Quentin Tarantino?|From Dusk till Dawn
Entertainment: Film|Which of these Disney classics was released in 1970?|The Aristocats
Entertainment: Film|At the end of the 2001 film "Rat Race", whose concert do the contestants crash?|Smash Mouth
Entertainment: Film|In order to cut costs, what were most of the extras of Mad Max (1979) paid with?|Beer
Entertainment: Film|In the 2012 film, "The Lorax", who is the antagonist?|Aloysius O'Hare
Entertainment: Film|In "Jurassic World", what is the name of the dinosaur that is a genetic hybrid?|Indominus Rex
Entertainment: Film|What is the name of the queen's pet in A Bug's Life?|Aphie
Entertainment: Film|What is the name of the fictional retro-mod band starring Austin Powers as the lead vocalist?|Ming Tea
Entertainment: Film|Which actress danced the twist with John Travolta in 'Pulp Fiction'?|Uma Thurman
Entertainment: Film|In the 1984 movie "The Terminator", what model number is the Terminator portrayed by Arnold Schwarzenegger?|T-800
Entertainment: Film|Sean Connery wasn't in "Indiana Jones and the Kingdom of the Crystal Skull" because he found retirement too enjoyable.|True
Entertainment: Film|In the "Jurassic Park" universe, what is the name of the island that contains InGen's Site B?|Isla Sorna
Entertainment: Film|Who is the director of the 1991 film "Silence of the Lambs"?|Jonathan Demme
Entertainment: Film|Which movie released in 2016 features Superman and Batman fighting?|Batman v Superman: Dawn of Justice
Entertainment: Film|In Alfred Hitchcock's film 'Psycho' it is said he used chocolate syrup to simulate the blood in the famous shower scene from |True
Entertainment: Film|In the Friday The 13th series, what year did Jason drown in?|1957
Entertainment: Film|Which 1958 movie starred Kirk Douglas and Tony Curtis as half-brothers Einar and Eric?|The Vikings 
Entertainment: Film|What is the name of the first "Star Wars" film by release order?|A New Hope
Entertainment: Film|Who plays "Bruce Wayne" in the 2008 movie "The Dark Knight"?|Christian Bale
Entertainment: Film|What is the birth name of Michael Keaton?|Michael Douglas
Entertainment: Film|YouTube personality Jenna Marbles served as an executive producer of the film Maximum Ride (2016).|True
Entertainment: Film|This movie contains the quote, "Nobody puts Baby in a corner."|Dirty Dancing
Entertainment: Film|Which actor played the main character in the 1990 film "Edward Scissorhands"?|Johnny Depp
Entertainment: Film|Who in Pulp Fiction says "No, they got the metric system there, they wouldn't know what the f*** a Quarter Pounder is."|Vincent Vega
Entertainment: Film|Which director directed the movie "Pan's Labyrinth"?|Guillermo Del Toro
Entertainment: Film|The killer in the 1981 film 'My Bloody Valentine' wears what sort of outfit?|Mining gear
Entertainment: Film|Which retired American football quarterback played himself in 'Ace Ventura: Pet Detective' and 'Little Nicky'?|Dan Marino
Entertainment: Film|In the 1992 film "Army of Darkness", what name does Ash give to his double-barreled shotgun?|Boomstick
Entertainment: Film|In the Mad Max franchise, what type of car is the Pursuit Special driven by Max?|Ford Falcon
Entertainment: Film|What is the name of the foley artist who designed the famous sounds of Star Wars, including Chewbacca's roar and R2-D2's beeps and whistles?|Ben Burtt
Entertainment: Film|Who played Batman in the 1997 film "Batman and Robin"?|George Clooney
Entertainment: Film|In what year does Jurassic World open in the "Jurassic Park" universe?|2005
Entertainment: Film|Who played Deputy Marshal Samuel Gerard in the 1993 film "The Fugitive"?|Tommy Lee Jones
Entertainment: Film|What was the first James Bond film?|Dr. No
Entertainment: Film|What Queen song plays during the final fight scene of the film "Hardcore Henry"?|Don't Stop Me Now
Entertainment: Film|In the original Star Wars trilogy, Alec Guinness provided the voice for Darth Vader.|False
Entertainment: Film|Who directed the 1973 film "American Graffiti"?|George Lucas
Entertainment: Film|Ed Koch, the Mayor of New York in 1984, played himself in which Muppets movie?|The Muppets Take Manhattan
Entertainment: Film|What is the oldest Disney film?|Snow White and the Seven Dwarfs
Entertainment: Film|In what year was the first Transformers movie released?|1986
Entertainment: Film|Who played Sgt. Gordon Elias in 'Platoon' (1986)?|Willem Dafoe
Entertainment: Film|Who starred as Bruce Wayne and Batman in Tim Burton's 1989 movie "Batman"?|Michael Keaton
Entertainment: Film|Which of these movies did Jeff Bridges not star in?|The Hateful Eight
Entertainment: Film|In what year did Clint Eastwood star as Inspector Harry Callahan in the film "Dirty Harry"?|1971
Entertainment: Film|What is the make and model of the tour vehicles in "Jurassic Park" (1993)?|1992 Ford Explorer XLT
Entertainment: Film|Which 1994 film did Roger Ebert famously despise, saying "I hated hated hated hated hated this movie".|North
Entertainment: Film|What was the name of the protagonist in the movie Commando (1985)?|John Matrix
Entertainment: Film|What year did the James Cameron film "Titanic" come out in theaters?|1997
Entertainment: Film|What breed of dog was Marley in the film "Marley & Me" (2008)?|Labrador Retriever
Entertainment: Film|Who voices the main character Blu in the 2011 animated film "Rio"?|Jesse Eisenberg
Entertainment: Film|In the movie "Back to the Future," what speed does Doc Brown's DeLorean need to reach in order to travel through time?|88 mph
Entertainment: Film|Which actress portrayed Dr. Grace Augustine in the James Cameron movie "Avatar"?|Sigourney Weaver
Entertainment: Film|"Minions" was released on the June 10th, 2015.|False
Entertainment: Film|In which movie does Robin Williams' character have to disguise themselves into a woman?|Mrs. Doubtfire
Entertainment: Film|Shaquille O'Neal appeared in the 1997 film "Space Jam".|False
Entertainment: Film|Which actor plays the character "Tommy Jarvis" in "Friday the 13th: The Final Chapter" (1984)?|Corey Feldman
Entertainment: Film|In the film "Requiem for a Dream", what drug does Jared Leto's character get addicted to?|Heroin
Entertainment: Film|In the movie "Scream" who is Ghost Face?|Billy Loomis and Stu Macher
Entertainment: Film|What is the orange and white bot's name in "Star Wars: The Force Awakens"?|BB-8
Entertainment: Film|Who plays the Nemesis in the Resident Evil movies?|Matthew Taylor
Entertainment: Film|How old was Laurence Fishburne when Francis Ford Coppola cast him in Apocalypse Now (1979)? |14
Entertainment: Film|Which of the following is not the name of a "Bond Girl"? |Vanessa Kensington
Entertainment: Film|The 2016 Disney animated film 'Moana' is based on which culture?|Polynesian
Entertainment: Film|Brandon Routh plays the titular character in the movie "John Wick".|False
Entertainment: Film|Johnny Depp made his big-screen acting debut in which film?|A Nightmare on Elm Street
Entertainment: Film|In Star Wars, what's the name of the new Government created after the defeat of the Galactic Empire?|The New Republic
Entertainment: Film|Which one of these action movies are shot entirely in one take?|Victoria
Entertainment: Film|Joan Cusack starred in the 2009 disaster movie, "2012".|False
Entertainment: Film|The word "Inception" came from the 2010 blockbuster hit "Inception".|False
Entertainment: Film|In the movie "Cast Away" the main protagonist's best friend while on the island is named|Wilson
Entertainment: Film|Which of the following actors has only been in a Quentin Tarantino directed film once?|John Travolta
Entertainment: Film|What is the name of the island that "Jurassic Park" is built on?|Isla Nublar
Entertainment: Film|What was the first monster to appear alongside Godzilla?|Anguirus
Entertainment: Film|What is the name of the supercomputer located in the control room in "Jurassic Park" (1993)?|Thinking Machines CM-5
Entertainment: Film|What were the Chilled Monkey Brains made from during Indiana Jones and the Temple of Doom?|Custard and Raspberry Sauce
Entertainment: Film|Leonardo Di Caprio won his first Best Actor Oscar for his performance in which film?|The Revenant
Entertainment: Film|Which was the first of Alfred Hitchcock's movies to be filmed in colour?|Rope
Entertainment: Film|In the movie “The Iron Giant,” this character is the protagonist.|Hogarth Hughes
Entertainment: Film|In "Jurassic World", which company purchases InGen and creates Jurassic World?|Masrani Global Corporation 
Entertainment: Film|The film "2001: A Space Odyssey" was released on December 31st, 2000.|False
Entertainment: Film|In the film "Interstellar", how long did they spend on Miller's planet?|23 years, 4 months, and 8 days
Entertainment: Film|In Big Hero 6, what fictional city is the Big Hero 6 from?|San Fransokyo
Entertainment: Film|What did Alfred Hitchcock use as blood in the film "Psycho"? |Chocolate syrup
Entertainment: Film|In the 1964 film "Zulu", what song does the British Army company sing before the final battle?|Men of Harlech
Entertainment: Film|This movie contains the quote, "I feel the need ... the need for speed!"|Top Gun
Entertainment: Film|Who voiced Metalbeard in "The Lego Movie"?|Nick Offerman
Entertainment: Film|What was the wifi password given to Stephen Strange in Doctor Strange?|Shambala
Entertainment: Film|In Big Hero 6, what were Baymax's motions modeled after?|Baby penguins
Entertainment: Film|In the movie "V for Vendetta," what is the date that masked vigilante "V" urges people to remember?|November 5th
Entertainment: Film|Who played the Cenobite called "Pinhead" in the original Hellraiser films?|Doug Bradley
Entertainment: Film|According to "Star Wars" lore, which planet does Obi-Wan Kenobi come from?|Stewjon
Entertainment: Film|What city did the monster attack in the film, "Cloverfield"?|New York, New York
Entertainment: Film|In which African country was the 2006 film 'Blood Diamond' mostly set in?|Sierra Leone
Entertainment: Film|In the 1979 British film "Quadrophenia" what is the name of the seaside city the mods are visiting?|Brighton
Entertainment: Film|Mark Wahlberg played the titular character of which 2008 video-game adaptation?|Max Payne
Entertainment: Film|What was the title of the first Bond movie, released in 1962?|Dr. No
Entertainment: Film|Which actor plays the role of the main antagonist in the 2011 movie "Tower Heist?"|Alan Alda
Entertainment: Film|Which Marvel superhero did Chris Evans play prior to his role as Captain America?|Human Torch
Entertainment: Film|In the 1994 movie "Speed", what is the minimum speed the bus must go to prevent to bomb from exploding?|50 mph
Entertainment: Film|Velma Kelly and Roxie Hart are the protagonists of which Oscar winning movie?|Chicago
Entertainment: Film|Which former Star Trek actor directed Three Men and a Baby (1987)?|Leonard Nimoy
Entertainment: Film|Who played Baron Victor Frankestein in the 1957 Hammer horror film "The Curse of Frankenstein"?|Peter Cushing
Entertainment: Film|This movie contains the quote, "Houston, we have a problem."|Apollo 13
Entertainment: Film|Which one of these actors is said to be cut from the film 'E.T. the Extra-Terrestrial'?|Harrison Ford
Entertainment: Film|What was the name of the actor who played Leatherface in the 1974 horror film, The Texas Chainsaw Massacre?|Gunnar Hansen
Entertainment: Film|Which star actor was in "Top Gun", "Jerry Maguire" and "Born on the Fourth of July"?|Tom Cruise
Entertainment: Film|Who provided a majority of the songs and lyrics for "Spirit: Stallion of the Cimarron"?|Bryan Adams
Entertainment: Film|Who plays Jack Burton in the movie "Big Trouble in Little China?"|Kurt Russell
Entertainment: Film|When does "Rogue One: A Star Wars Story" take place chronologically in the series?|Between Episode 3 and 4
Entertainment: Film|Actor Tommy Chong served prison time.|True
Entertainment: Film|What was the last Marx Brothers film to feature Zeppo?|Duck Soup
Entertainment: Film|The Queen song `A Kind Of Magic` is featured in which 1986 film?|Highlander
Entertainment: Film|In what Disney movie can you spot the character "Pac-Man" in if you look closely enough in some scenes?|Tron
Entertainment: Film|Who directed the movie "Alien"?|Ridley Scott
Entertainment: Film|Which musical artist had a prominent role in the 2017 film "Kingsman: The Golden Circle"?|Elton John
Entertainment: Film|Which actor auditioned for the role of Luke Skywalker?|Kurt Russell
Entertainment: Film|What film did James Cameron's Avatar dethrone as the highest-grossing film ever?|Titanic
Entertainment: Film|What is the name of the Artificial Intelligence system in the 1983 film, "WarGames"?|War Operation Plan Response
Entertainment: Film|In the movie "Spaceballs", what are the Spaceballs attempting to steal from Planet Druidia?|Air
Entertainment: Film|Which of the following movies was not based on a novel by Stephen King? |The Thing
Entertainment: Film|In 2012, which movie won every category in the 32nd "Golden Raspberry Awards"?|Jack and Jill
Entertainment: Film|Who directed the 2015 movie "The Revenant"?|Alejandro G. Iñárritu
Entertainment: Film|For the film "Raiders of The Lost Ark", what was Harrison Ford sick with during the filming of the Cairo chase?|Dysentery
Entertainment: Film|Brendan Fraser starred in the following movies, except which one?|Titanic
Entertainment: Film|The weapon Clint Eastwood uses in "Dirty Harry" was a .44 Automag.|False
Entertainment: Film|Who was the director of "Scott Pilgrim vs. the World (2010)"?|Edgar Wright
Entertainment: Film|In which film does Humphrey Bogart say the famous line, "Here's looking at you, kid"?|Casablanca
Entertainment: Film|Samuel L. Jackson had the words, 'Bad Motherf*cker' in-scripted on his lightsaber during the filming of Star Wars.|True
Entertainment: Film|Who plays Alice in the Resident Evil movies?|Milla Jovovich
Entertainment: Film|What is Lilo's last name from Lilo and Stitch?|Pelekai
Entertainment: Film|The color of the pills in the Matrix were Blue and Yellow.|False
Entertainment: Film|The movie "Tron" received an Oscar nomination for Best Visual Effects.|False
Entertainment: Film|"Cube", "Cube 2: Hypercube" and "Cube Zero" were directed by the same person.|False
Entertainment: Film|Where does the original Friday The 13th movie take place?|Camp Crystal Lake
Entertainment: Film|Who directed the Kill Bill movies?|Quentin Tarantino
Entertainment: Film|In Mulan (1998), who is the leader of the Huns?|Shan Yu
Entertainment: Film|What character in the Winnie the Pooh films was added by Disney and does not appear in the original books?|Gopher
Entertainment: Film|What did the first moving picture depict?|A galloping horse
Entertainment: Film|In the movie The Revenant, DiCaprio's character hunts down the killer of his son.|True
Entertainment: Film|What was Bruce Campbell's iconic one-liner after getting a chainsaw hand in Evil Dead 2?|Groovy.
Entertainment: Film|Which of these Movies was NOT released in 1996?|Gladiator
Entertainment: Film|Who wrote and directed the 1986 film 'Platoon'?|Oliver Stone
Entertainment: Film|What is the name of the robot in the 1951 science fiction film classic 'The Day the Earth Stood Still'?|Gort
Entertainment: Television|What is the setting of the show "Parks and Recreation"?|Pawnee, Indiana
Entertainment: Television|Dee from "It's Always Sunny in Philadelphia" has dated all of the following guys EXCEPT|Matthew "Rickety Cricket" Mara
Entertainment: Television|The first half-hour CGI cartoon, ReBoot, aired on which year?|1994
Entertainment: Television|When Donkey Kong died in the "Donkey Kong Country" episode "It's a Wonderful Life", who was his guardian angel?|Eddie the Mean Old Yeti
Entertainment: Television|In the show "Futurama" what is Fry's full name?|Philip J. Fry
Entertainment: Television|In 2008, British celebrity chef Gordon Ramsay believes he almost died after suffering what accident in Iceland while filming?|Slipping off a cliff, and nearly drowning in icy water
Entertainment: Television|Which of these Bojack Horseman characters is a human?|Todd Chavez
Entertainment: Television|On the NBC show Community what was Star Burns' real name?|Alex
Entertainment: Television|Which of following is rude and dishonorable by Klingon standards?|Taking his D'k tahg
Entertainment: Television|What was the UK "Who Wants to be a Millionaire?" cheating scandal known as?|Major Fraud
Entertainment: Television|What was the name of Ross' pet monkey on "Friends"?|Marcel
Entertainment: Television|Who was the first ever actor to play "The Doctor" on "Doctor Who"?|William Hartnell
Entertainment: Television|"The Simpsons" family is named after creator Matt Groening's real family.|True
Entertainment: Television|In the television show Breaking Bad, what is the street name of Walter and Jesse's notorious product?|Blue Sky
Entertainment: Television|What was the date of original airing of the pilot episode of My Little Pony: Friendship is Magic?|October 10th, 2010
Entertainment: Television|How many seasons did the Sci-Fi television show "Stargate Atlantis" have?|5
Entertainment: Television|In the show "Tengen Toppa Gurren Lagann" what is the name of the character who force everyone to live underground?|Lordgenome
Entertainment: Television|What is the name of Chris's brother in "Everybody Hates Chris"?|Drew
Entertainment: Television|How many seasons did the TV show "Donkey Kong Country" last?|2
Entertainment: Television|What is the surname of the character Daryl in AMC's show The Walking Dead?|Dixon
Entertainment: Television|"The A Team" first aired in the USA and in the UK in what year?|1983
Entertainment: Television|The theme for the popular science fiction series "Doctor Who" was composed by who?|Ron Grainer
Entertainment: Television|In Game of Thrones, what is Littlefinger's real name?|Petyr Baelish
Entertainment: Television|In the cartoon 'SpongeBob SquarePants', what did the acronym E.V.I.L stand for?|Every Villain Is Lemons
Entertainment: Television|In "Donkey Kong Country", why does Donkey Kong want to know the secret of the crystal coconut?|He's the big kahuna.
Entertainment: Television|Klingons respect their disabled comrades, and those who are old, injuried, and helpless.|False
Entertainment: Television|What is the name of the main character in "The Flash" TV series?|Barry Allen
Entertainment: Television|What country is Cory in the House set in?|The United States of America
Entertainment: Television|Alan Reed is known for providing the voice of which character?|Fred Flintstone
Entertainment: Television|Grant Gustin plays which superhero on the CW show of the same name?|The Flash
Entertainment: Television|Which of these Disney shows is classified as an anime?|Stitch!
Entertainment: Television|In Battlestar Galactica (2004), Cylons were created by man as cybernetic workers and soldiers.|True
Entertainment: Television|What was the name of the the first episode of Doctor Who to air in 1963?|An Unearthly Child
Entertainment: Television|In which year did the British television series "The Bill" end?|2010
Entertainment: Television|Which country does the YouTuber "SinowBeats" originate from?|Scotland
Entertainment: Television|Guy's Grocery Games is hosted by which presenter?|Guy Fieri
Entertainment: Television|Out of the 3 Tots in Tots TV, who speaks French in the UK Version and Spanish in the US Version?|Tilly
Entertainment: Television|Who was the winner of the 2016 WWE Royal Rumble?|Triple H
Entertainment: Television|In DuckTales, what is the name of the city where all the main characters live?|Duckburg
Entertainment: Television|Klingons express emotion in art through opera and poetry.|True
Entertainment: Television|What is the name of the race horse that Tony Soprano becomes attached to?|Pie-O-My
Entertainment: Television|Which of these in the Star Trek series is NOT Klingon food?|Hors d'oeuvre
Entertainment: Television|What is the real name of the famous spanish humorist, El Risitas?|Juan Joya Borga
Entertainment: Television|The HBO series "Game of Thrones" is based on which series of books?|A Song of Ice and Fire
Entertainment: Television|In the original Doctor Who series (1963), fourth doctor Tom Baker's scarf was how long?|7 Meters
Entertainment: Television|In the show "The Office" who does Michael Scott eventually end up with?|Holly Flax
Entertainment: Television|Which actor from The Young Ones also played Lord Flashheart in one episode of Blackadder II?|Rik Mayall
Entertainment: Television|What is the name of the planet that the Doctor from television series "Doctor Who" comes from?|Gallifrey
Entertainment: Television|Which of these television shows makes everyone look under their chair?|Oprah
Entertainment: Television|In AMC's TV Series "The Walking Dead" what are "Zombies" referred to as?|Walkers
Entertainment: Television|In "Star Trek", Klingons are aliens.|True
Entertainment: Television|In Star Trek, what is the name of Spock's father?|Sarek
Entertainment: Television|What's Dr. Doofenshmirtz first name?|Heinz
Entertainment: Television|What actor portrays Hogan "Wash" Washburne in the TV Show Firefly?|Alan Tudyk
Entertainment: Television|Who played the sun baby in the original run of Teletubbies?|Jessica Smith
Entertainment: Television|In the original Star Trek TV series, what was Captain James T. Kirk's middle name?|Tiberius
Entertainment: Television|What was the name of the police officer in the cartoon "Top Cat"?|Dibble
Entertainment: Television|Who was Firestorm's rival during the original run of UK Robot Wars?|Panic Attack
Entertainment: Television|The Klingon home planet is Qo'noS.|True
Entertainment: Television|What is the title of The Allman Brothers Band instrumental used as the theme to the BBC motoring show, 'Top Gear'?|Jessica
Entertainment: Television|Who is the star of the AMC series Breaking Bad?|Walter White
Entertainment: Television|In "Doctor Who", the Doctor gets his TARDIS by stealing it.|True
Entertainment: Television|Who played the Waitress in the Spam sketch of "Monty Python's Flying Circus"?|Terry Jones
Entertainment: Television|What episode of "Mr. Bean" saw him trying to prevent people from seeing him naked?|Mr. Bean in Room 426
Entertainment: Television|In the show 'Doctor Who', what is the name of the time-capsule model stolen by 'the Doctor'?|TT Type 40, Mark 3 (TARDIS)
Entertainment: Television|In the TV show 'M*A*S*H', what was the nickname of Corporal Walter O'Reilly?|Radar
Entertainment: Television|Who was the winner of "Big Brother" Season 10?|Dan Gheesling
Entertainment: Television|In Two and a Half Men, what is Alan Harper's son's name?|Jake
Entertainment: Television|Which boxing personality was one of the presenters in the 1999 revival of It's a Knockout?|Frank Bruno
Entertainment: Television|In Game of Thrones, what continent lies across the Narrow Sea from Westeros?|Essos
Entertainment: Television|What Nickelodeon game show featured a house on the set that the contestants would ransack to find hidden objects?|Finders Keepers
Entertainment: Television|In the TV series "Person of Interest", who plays the character "Harold Finch"?|Michael Emerson
Entertainment: Television|In season one of the Netflix political drama "House of Cards", what government position does Frank Underwood hold?|House Majority Whip
Entertainment: Television|In "Star Trek", what sauce is commonly used by Klingons on bregit lung?|Grapok sauce
Entertainment: Television|What TV show is about a grandfather dragging his grandson around on adventures?|Rick & Morty
Entertainment: Television|In "Star Trek: Voyager", which episode did Voyager establish real-time communication with Starfleet Headquarters?|Pathfinder
Entertainment: Television|On the NBC show Community, whose catch-phrase was "Pop! Pop!"?|Magnitude
Entertainment: Television|In "It's Always Sunny in Philadelphia" what was the name of Frank's wrestling persona?|The Trash Man
Entertainment: Television|In the TV show "Cheers", Sam Malone was a former relief pitcher for which baseball team?|Boston Red Sox
Entertainment: Television|In "Star Trek", Klaang is a typical Klingon male.|True
Entertainment: Television|On the show "Rick and Morty", in episode "Total Rickall", who was a parasite?|Pencilvester
Entertainment: Television|What is the name of the inspector in the series "On the Buses"?|Blakey
Entertainment: Television|What was the callsign of Commander William Adama in Battlestar Galactica (2004)?|Husker
Entertainment: Television|The television show Doctor Who first aired in 1963.|True
Entertainment: Television|Which of the following was not an actor/actress on the American television show "Saturday Night Live" in Season 42?|Tina Fey
Entertainment: Television|What is Meg's full name in "Family Guy"?|Megatron Griffin
Entertainment: Television|What NBC sitcom once saw two of its characters try to pitch NBC on a sitcom about nothing?|Seinfeld
Entertainment: Television|In "Star Trek", what is the Klingon delicacy of "gagh" made from?|Serpent worms
Entertainment: Television|In "Star Trek", who was the founder of the Klingon Empire and its philosophy?|Kahless the Unforgettable
Entertainment: Television|The "Psycho" series of videos on YouTube was created by which of the following?|RiDGiD STUDiOS
Entertainment: Television|What breed of dog is "Scooby Doo"?|Great Dane
Entertainment: Television|In "The Big Bang Theory", what is Howard Wolowitz's nickname in World of Warcraft?|Wolowizard
Entertainment: Television|In the Doctor Who universe, how many times can a time lord normally regenerate?|12
Entertainment: Television|Which show is known for the songs "You are a Pirate", "Cooking by the Book" and "We Are Number One"?|LazyTown
Entertainment: Television|Cesar Romero played which iconic Batman villain from the 1960's TV show?|The Joker
Entertainment: Television|The 1985 Toyota Corolla "AE86" was the hero car for what anime? |Initial D
Entertainment: Television|Which British writer wrote for both Doctor Who and Sherlock?|Steven Moffatt
Entertainment: Television|In which state of America was the Fresh Prince of Bel-Air born and raised in?|Pennsylvania
Entertainment: Television|Who played Agent Fox Mulder in the TV sci-fi drama "The X-Files"?|David Duchovny
Entertainment: Television|From what show is the character "James Doakes"? |Dexter
Entertainment: Television|In Supernatural, what's is Sam's brothers name?|Dean
Entertainment: Television|In the TV series Red Dwarf, Kryten's full name is Kryten 2X4B-523P.|True
Entertainment: Television|In Game of Thrones what is the name of Jon Snow's sword?|Longclaw
Entertainment: Television|Which character was played by Dustin Diamond in the sitcom 'Saved by the Bell'?|Screech
Entertainment: Television|In the Netflix show, Stranger Things, what song would Will sing to himself as he was missing?|Should I Stay or Should I Go?
Entertainment: Television|Which WWF wrestler had the nickname "The Ayatollah of Rock 'N' Rolla"?|Chris Jericho
Entertainment: Television|In "Rick And Morty", who shot "Mr. Poopybutthole" in the episode "Total Rickall"?|Beth
Entertainment: Television|In Naruto: Shippuden, which of the following elements is a "Kekkei Tōta?"|Particle Style
Entertainment: Television|Which of the following won the first season of American Idol in 2002?|Kelly Clarkson
Entertainment: Television|What does Bart sell his soul for in The Simpsons episode 'Bart Sells His Soul'?|$5
Entertainment: Television|British actor David Morrissey stars as which role in "The Walking Dead"?|The Governor
Entertainment: Television|An episode of "The Simpsons" is dedicated to Moe Szyslak's bar rag.|True
Entertainment: Television|Which former Coronation Street actress was once a hostess on the British Game Show "Double Your Money"?|Amanda Barrie
Entertainment: Television|In the show "Dragonball Z", what is the name of Cell's most powerful attack?|Solar Kamehameha
Entertainment: Television|Like his character in "Parks and Recreation", Aziz Ansari was born in South Carolina.|True
Entertainment: Television|In season one of the US Kitchen Nightmares, Gordan Ramsay tried to save 10 different restaurants. How many ended up closing afterwards?|9
Entertainment: Television|Which company has exclusive rights to air episodes of the "The Grand Tour"?|Amazon
Entertainment: Television|In the Sci-Fi television show Doctor Who, who plays the Tenth Doctor?|David Tennant
Entertainment: Television|How long was Ken Jennings' win streak on Jeopardy?|74
Entertainment: Television|In "Star Trek", what is the Klingon death ritual?|Look into sky and yell loudly in mourning.
Entertainment: Television|Which of these voices wasn't a choice for the House AI in "The Simpsons Treehouse of Horror" short, House of Whacks?|George Clooney
Entertainment: Television|Which track by "Massive Attack" is used for the theme of "House"? |Teardrop
Entertainment: Television|In Star Trek: The Next Generation, what is the name of Data's cat?|Spot
Entertainment: Television|In the television show "Lazy Town", who is the actor of Robbie Rotten?|Stefán Stefánsson
Entertainment: Television|Who sang the theme song for the TV show 'Rawhide'?|Frankie Laine
Entertainment: Television|In "Star Trek", what is the Ferengi's First Rule of Acquisition?|Once you have their money, you never give it back. 
Entertainment: Television|In "Star Trek: The Next Generation", Data is the only android in existence.|False
Entertainment: Television|The fictional movie 'Rochelle, Rochelle' features in which sitcom?|Seinfeld
Entertainment: Television|What was the name of the inflatable duck sacrified to the crowd at the end of Episode 34 of the 18th season of Big Brother?|Pablo
Entertainment: Television|Which of these Nickelodeon game shows aired first?|Double Dare
Entertainment: Television|In the TV Show "Donkey Kong Country", which episode did the song "Eddie, Let Me Go Back To My Home" play in?|It's a Wonderful Life
Entertainment: Television|Klingons once had a period of Democracy in their history, they referred to it as the "Dark Times".|True
Entertainment: Television|Who won Big Brother 2014 UK?|Helen Wood
Entertainment: Television|In "Star Trek", Klingons respect William Shakespeare, they even suspect him having a Klingon lineage.|True
Entertainment: Television|In "Breaking Bad", Walter White is a high school teacher diagnosed with which form of cancer?|Lung Cancer
Entertainment: Television|In "Star Trek", Klingons are commonly referred to as "Black Elves".|False
Entertainment: Television|In "The Simpsons", what is the real name of "Comic Book Guy"?|Jeff Albertson
Entertainment: Television|In the episode of SpongeBob SquarePants, "Survival of the Idiots", Spongebob called Patrick which nickname?|Pinhead
Entertainment: Television|Prior to working at Wizards of the Coast, "Mark Rosewater" was a writer for which show?|Roseanne
Entertainment: Television|Which of the following awards do Matt Stone and Trey Parker NOT have?|Oscar
Entertainment: Television|What was the name of the teenage witch played by Melisa Joan Hart who lives with her witch aunts Hilda and Zelda?|Sabrina
Entertainment: Television|How many seasons did "Stargate SG-1" have?|10
Entertainment: Television|Baron Silas Greenback is the arch nemesis of which cartoon hero?|Danger Mouse
Entertainment: Television|In which British seaside town was the BBC sitcom "Fawlty Towers" set?|Torquay
Entertainment: Television|What year did the television company BBC officially launch the channel BBC One?|1936
Entertainment: Television|Which character does voice actress Tara Strong NOT voice?|Bubbles (2016)
Entertainment: Television|In the TV show "Mad Men", what was Donald Draper's birthname?|Richard "Dick" Whitman
Entertainment: Television|When did the TV show Rick and Morty first air on Adult Swim?|2013
Entertainment: Television|What is the Klingon's afterlife called?|Sto-vo-kor
Entertainment: Television|Which actor portrays "Walter White" in the series "Breaking Bad"?| Bryan Cranston
Entertainment: Television|Bob Ross was a US Air Force pilot.|False
Entertainment: Television|What is the name of the main antagonists in Battlestar Galactica?|The Cylons
Entertainment: Television|Who co-founded the YouTube Let's Play channel "Game Grumps" alongside Newgrounds animator Egoraptor?|JonTron
Entertainment: Television|What was Nickelodeon's original name?|Pinwheel
Entertainment: Television|Which of these characters in "Stranger Things" has the power of Telekinesis?|Eleven
Entertainment: Television|Who was the star of the TV series "24"?|Kiefer Sutherland
Entertainment: Television|Which of the following actors portrayed the Ninth Doctor in the British television show "Doctor Who"?|Christopher Eccleston
Entertainment: Television|In Breaking Bad, the initials W.W. refer to which of the following?|Walter White
Entertainment: Television|What is the name of the "Flash" and "Arrow" spinoff featuring a team of characters that have appeared on both shows?|Legends of Tomorrow
Entertainment: Television|Which actor was not a major character in TV Show Freaks and Geeks?|Jonah Hill
Entertainment: Television|In the show, Doctor Who, what does T.A.R.D.I.S stand for?|Time And Relative Dimensions In Space
Entertainment: Television|Which race enjoys a glass of warm baghol in "Star Trek"?|Klingon
Entertainment: Television|Who is the main character in the show "Burn Notice"?|Michael Westen
Entertainment: Television|In what year did "The Big Bang Theory" debut on CBS?|2007
Entertainment: Television|Which of the following Autobot names in Michael Bay's movies was NOT a name for a Transformer in the original 1980's cartoon?|Mudflap
Entertainment: Television|AMC's "The Walking Dead", Rick, Carl, Daryl, Morgan, Carol and Maggie were introduced to us in Season 1.|False
Entertainment: Television|How many seasons did the Sci-Fi television show "Stargate Universe" have?|2
Entertainment: Television|In the show Stranger Things, what is Eleven's favorite breakfast food?|Eggo Waffles
Entertainment: Television|In the Star Trek universe, what color is Vulcan blood?|Green
Entertainment: Television|In Battlestar Galactica (2004), what is the name of the President of the Twelve Colonies?|Laura Roslin
Entertainment: Books|The book "The Little Prince" was written by...|Antoine de Saint-Exupéry
Entertainment: Books|Abel Magwitch is a character from which Charles Dickens novel?|Great Expectations
Entertainment: Books|In Michael Crichton's novel "Jurassic Park", John Hammond meets his demise at the claws of which dinosaur?|Procompsognathus
Entertainment: Books|"Green Eggs And Ham" is a book by which author?|Dr. Seuss
Entertainment: Books|What book series published by Jim Butcher follows a wizard in modern day Chicago?|The Dresden Files
Entertainment: Books|In the novel "Lord of the Rings", how many rings of power were given to the race of man?|9
Entertainment: Books|The title of Adolf Hitler's autobiography "Mein Kampf" is what when translated to English?|My Struggle
Entertainment: Books|In the Magic: The Gathering universe, which plane does the Homelands expansion take place in?|Ulgrotha
Entertainment: Books|Which of the following is not a work authored by Fyodor Dostoevsky?|Anna Karenina
Entertainment: Books|What is the title of the first Sherlock Holmes book by Arthur Conan Doyle?|A Study in Scarlet
Entertainment: Books|In Romance of the Three Kingdoms, who was not a member of the Peach Garden Oath?|Zhao Yun
Entertainment: Books|"Green Eggs and Ham" consists of only 50 different words.|True
Entertainment: Books|Which of the following is NOT a work done by Shakespeare?|Trial of Temperance
Entertainment: Books|Which famous spy novelist wrote the childrens' story "Chitty-Chitty-Bang-Bang"?|Ian Fleming
Entertainment: Books|What's Harry Potter's dad's name?|James Potter
Entertainment: Books|How many books are in the Chronicles of Narnia series?|7
Entertainment: Books|George Orwell wrote this book, which is often considered a statement on government oversight.|1984
Entertainment: Books|In the book series "Odd Thomas", Danny Jessup has what genetic disease? | Osteogenesis Imperfecta
Entertainment: Books|Who wrote "A Tale of Two Cities"?|Charles Dickens
Entertainment: Books|What is the name of the town in which Lily and James Potter are buried?|Godric's Hollow
Entertainment: Books|What was the pen name of novelist, Mary Ann Evans?|George Eliot
Entertainment: Books|In the Lord of the Rings, who is the father of the dwarf Gimli?|Gloin
Entertainment: Books|What was Sir Handel's original name in "The Railway Series" and it's animated counterpart "Thomas and Friends?"|Falcon
Entertainment: Books|In Margaret Atwood's "The Handmaid's Tale", what is Offred's real name is implied to be?|June
Entertainment: Books|What is the fourth book of the Old Testament?|Numbers
Entertainment: Books|The novel "Jane Eyre" was written by what author? |Charlotte Brontë
Entertainment: Books|What position does Harry Potter play in Quidditch?|Seeker
Entertainment: Books|Who was the author of the 1954 novel, "Lord of the Flies"?|William Golding
Entertainment: Books|Stephen Chbosky wrote the book 'The Perks of Being A Wallflower'.|True
Entertainment: Books|In which classic novel by Mark Twain did a beggar and Prince of Wales switch clothes, and learn about social class inequality?|The Prince and the Pauper
Entertainment: Books|What is the name of Eragon's dragon in "Eragon"?|Saphira
Entertainment: Books|Who wrote "Harry Potter"?|J.K. Rowling
Entertainment: Books|Which of these does Charlie NOT read in The Perks of Being a Wallflower?|The Grapes of Wrath
Entertainment: Books|Where does the book "The Silence of the Lambs" get its title from?|The main character's trauma in childhood
Entertainment: Books|Which author co-wrote "The Communist Manifesto" alongside Karl Marx?|Friedrich Engels
Entertainment: Books|Who wrote the novel 'Fear And Loathing In Las Vegas'?|Hunter S. Thompson
Entertainment: Books|In Alice in Wonderland, what is the name of Alice's kitten?|Dinah
Entertainment: Books|Originally, the character Charlie from Charlie and the Chocolate Factory was going to be black.|True
Entertainment: Books|What was the name of Captain Nemo's submarine in "20,000 Leagues Under the Sea"?|The Nautilus
Entertainment: Books|In the Harry Potter universe, what is Cornelius Fudge's middle name?|Oswald
Entertainment: Books|In the book "The Martian", how long was Mark Watney trapped on Mars (in Sols)?|549 Days
Entertainment: Books|Who wrote the "A Song of Ice And Fire" fantasy novel series?|George R. R. Martin
Entertainment: Books|In the "The Hobbit", who kills Smaug?|Bard
Entertainment: Books|Who wrote the children's story "The Little Match Girl"?|Hans Christian Andersen
Entertainment: Books|Who wrote the young adult novel "The Fault in Our Stars"?|John Green
Entertainment: Books|The "Berenstein Bears" is the correct spelling of the educational children's book series' name.|False
Entertainment: Books|What is the name of the protagonist of J.D. Salinger's novel Catcher in the Rye?|Holden Caulfield
Entertainment: Books|J.K. Rowling completed "Harry Potter and the Deathly Hallows" in which hotel in Edinburgh, Scotland?|The Balmoral
Entertainment: Books|Who wrote the novel "Moby-Dick"?|Herman Melville
Entertainment: Books|How many Harry Potter books are there?|7
Entertainment: Books|Which of the following is the world's best-selling book?|The Lord of the Rings
Entertainment: Books|Which author and poet famously wrote the line, "The female of the species is more deadly than the male"?|Rudyard Kipling
Entertainment: Books|In Harry Potter and the Deathly Hallows, Hermione destroyed the fourth Horcrux by stabbing it with the Sword of Gryffindor.|False
Entertainment: Books|What was the name of the Mysterious Island, in Jules Verne's "The Mysterious Island"?|Lincoln Island
Entertainment: Books|Which American author was also a budding travel writer and wrote of his adventures with his dog Charley?|John Steinbeck
Entertainment: Books|By what nickname is Jack Dawkins known in the Charles Dickens novel, 'Oliver Twist'?|The Artful Dodger
Entertainment: Books|By what name was the author Eric Blair better known?|George Orwell
Entertainment: Books|"Elementary, my dear Watson" is a phrase that is never truly said within the Conan Doyle books of Sherlock Holmes.|True
Entertainment: Books|Shub-Niggurath is a creature that was created by 	J. R. R. Tolkien in his novel "The Lord of The Rings".|False
Entertainment: Books|Which famous book is sub-titled 'The Modern Prometheus'?|Frankenstein
Entertainment: Books|Harry Potter was born on July 31st, 1980.|True
Entertainment: Books|Which novel by John Grisham was conceived on a road trip to Florida while thinking about stolen books with his wife?|Camino Island
Entertainment: Books|In the Magic: The Gathering universe, the Fallen Empires expansion takes place on which continent?|Sarpadia
Entertainment: Books|In The Lies of Locke Lamora, what title is Locke known by in the criminal world?|The Thorn of Camorr
Entertainment: Books|The novel "Of Mice And Men" was written by what author? |John Steinbeck 
Entertainment: Books|What is Hermione Granger's middle name?|Jean
Entertainment: Books|Which fictional English county was the setting for Thomas Hardy's novels?|Wessex
Entertainment: Books|Which Russian author wrote the epic novel War and Peace?|Leo Tolstoy
Entertainment: Books|In the "Harry Potter" novels, what must a Hogwarts student do to enter the Ravenclaw Common Room?|Answer a riddle
Entertainment: Books|Which of these book series is by James Patterson?|Maximum Ride
Entertainment: Books|The book 1984 was published in 1949.|True
Entertainment: Books|What was the first ever entry written for the SCP Foundation collaborative writing project?|SCP-173
Entertainment: Books|Which of the following authors was not born in England? |Arthur Conan Doyle
Entertainment: Books|Who wrote the 1967 horror novel "Rosemary's Baby"?|Ira Levin
Entertainment: Books|What is the name of the three headed dog in Harry Potter and the Sorcerer's Stone?|Fluffy
Entertainment: Books|Under what pseudonym did Stephen King publish five novels between 1977 and 1984?|Richard Bachman
Entertainment: Books|In the Harry Potter universe, who does Draco Malfoy end up marrying?|Astoria Greengrass
Entertainment: Books|What is the make and model of the tour vehicles in "Jurassic Park" (1990)?|1989 Toyota Land Cruiser
Entertainment: Books|In the "Harry Potter" series, what is Headmaster Dumbledore's full name?|Albus Percival Wulfric Brian Dumbledore
Entertainment: Books|In the novel 1984, written by George Orwell, what is the name of the totalitarian regime that controls Oceania?|INGSOC
Entertainment: Books|Which is NOT a book in the Harry Potter Series?|The House Elf
Entertainment: Books|In which classic novel is there a character named Homer Simpson?|The Day of the Locust
Entertainment: Books|Who was the original author of Frankenstein?|Mary Shelley
Entertainment: Books|The book "Fahrenheit 451" was written by whom?|Ray Bradbury
Entertainment: Books|In the Beatrix Potter books, what type of animal is Tommy Brock?|Badger
Entertainment: Books|What was the last message of the Dolphins in "The Hitchhiker's Guide to the Galaxy"?|"So long, and thanks for all the fish."
Entertainment: Books|The Harry Potter series of books, combined, are over 1,000,000 words in length.|True
Entertainment: Books|What is the name of the gang that Ponyboy is a part of in the book, The Outsiders?|The Greasers
Entertainment: Books|In The Lies Of Locke Lamora, what does "Lamora" mean in Throne Therin?|Shadow
Entertainment: Books|In the Magic: The Gathering universe,  the Antiquities, Ice Age, and Alliances expansions take place on which continent?|Terisiare
Entertainment: Books|What is Ron Weasley's middle name?|Bilius
Entertainment: Books|In the year 1818, novelist Mary Shelly is credited with writing a fiction novel and creating this infamous character.|Frankenstein's monster
Entertainment: Books|What's the second book in George R. R. Martin's 'A Song of Ice and Fire' series?|A Clash of Kings
Entertainment: Books|According to The Hitchhiker's Guide to the Galaxy book, the answer to life, the universe and everything else is...|42
Entertainment: Books|What is the name of Sherlock Holmes's brother?|Mycroft Holmes
Entertainment: Books|In "Little Women", which of the March sisters married Laurie?|Amy
Entertainment: Books|Who is the author of the series "Malazan Book of the Fallen"?|Steven Erikson
Entertainment: Books|Which of the following was the author of "Username Evie"?|Joe Sugg
Entertainment: Books|In Terry Pratchett's Discworld novel 'Wyrd Sisters', which of these are not one of the three main witches?|Winny Hathersham
Science & Nature|On the Beaufort Scale of wind force, what wind name is given to number 8?|Gale
Science & Nature|What is the chemical makeup of water?|H20
Science & Nature|What is the name for the auditory illusion of a note that seems to be rising infinitely?|Shepard Tone
Science & Nature|Which of these stars is the largest?|UY Scuti
Science & Nature|What is the name of the cognitive bias wherein a person with low ability in a particular skill mistake themselves as being superior?|Dunning-Kruger effect
Science & Nature|Which of the following is NOT a word used to describe an earthquake?|Drop-slide
Science & Nature|Which horizon in a soil profile consists of bedrock?|R
Science & Nature|On which mission did the Space Shuttle Columbia break up upon re-entry?|STS-107
Science & Nature|How old is the universe?|13.8 Billion Years
Science & Nature|What does the term "isolation" refer to in microbiology?|The separation of a strain from a natural, mixed population of living microbes
Science & Nature|Who made the discovery of X-rays?|Wilhelm Conrad Röntgen
Science & Nature|Which is the most abundant element in the universe?|Hydrogen
Science & Nature|Which part of the body does glaucoma affect?|Eyes
Science & Nature|Celiac Disease is a disease that effects the heart, causing those effected to be unable to eat meat.|False
Science & Nature|What is the elemental symbol for mercury?|Hg
Science & Nature|What polymer is used to make CDs, safety goggles and riot shields?|Polycarbonate
Science & Nature|Which of these chemical compounds is NOT found in gastric acid?|Sulfuric acid
Science & Nature|How many legs is it biologically impossible for a centipede to have?|100
Science & Nature|Which of the following is NOT a passive electrical component?|Transistor
Science & Nature|Deuterium is an isotope of which element?|Hydrogen
Science & Nature|What is the hottest planet in the Solar System?|Venus
Science & Nature|Human cells typically have how many copies of each gene?|2
Science & Nature|Shrimp can swim backwards.|True
Science & Nature|The element involved in making human blood red is which of the following?|Iron
Science & Nature|What is the Linnean name of the domestic apple tree?|Malus pumila
Science & Nature|Steel is an alloy of Iron and Carbon.|True
Science & Nature|Which chemical element was originally known as Alabamine?|Astatine
Science & Nature|When the Falcon Heavy was launched on it's test flight, what was the only part of the operation that failed?|Center Core Landing
Science & Nature|Which of the following spacecraft never touched the moon?|Mariner 4
Science & Nature|The "Tibia" is found in which part of the body?|Leg
Science & Nature|What do you study if you are studying entomology?|Insects
Science & Nature|Which of the following liquids is least viscous? Assume temperature is 25°C.|Acetone
Science & Nature|Which of the following elements is typically used in the doping of the semiconductor silicon?|Boron
Science & Nature|Which constellation contains the center of the Milky Way?|Sagittarius
Science & Nature|Which one of these is scientific term for "Brain Freeze"?|Sphenopalatine Ganglioneuralgia
Science & Nature|Which of the following blood vessels carries deoxygenated blood?|Pulmonary Artery
Science & Nature|Which of these Elements is a metalloid?|Antimony
Science & Nature|The humerus, paired radius, and ulna come together to form what joint?|Elbow
Science & Nature|How long is a light-year?|9.461 Trillion Kilometres
Science & Nature|An average human can go two weeks without water.|False
Science & Nature|A comet's gaseous envelope (which creates the tail) is called what?|The coma
Science & Nature|In the periodic table, Potassium's symbol is the letter K.|True
Science & Nature|Which of these is a type of stretch/deep tendon reflex?|Ankle jerk reflex
Science & Nature|Sugar contains fat.|False
Science & Nature|What is the scientific term for 'taste'?|Gustatory Perception
Science & Nature|This element, when overcome with extreme heat and pressure, creates diamonds.|Carbon
Science & Nature|What is the primary addictive substance found in tobacco?|Nicotine
Science & Nature|How many objects are equivalent to one mole?|6.022 x 10^23
Science & Nature|What is the molecular formula of Ozone?|O3
Science & Nature|What term is best associated with Sigmund Freud?|Psychoanalysis
Science & Nature|Centripedal force is an apparent force that acts outward on a body moving around a center, arising from the body's inertia.|False
Science & Nature|Which of these is a stop codon in DNA?|TAA
Science & Nature|What is the speed of light in a vacuum?|299,792,458 m/s
Science & Nature|Which of these bones is hardest to break?|Femur
Science & Nature|In Chemistry, how many isomers does Butanol (C4H9OH) have?|4
Science & Nature|The most frequent subconscious activity repeated by the human body is blinking.|False
Science & Nature|What is the official name of the star located closest to the North Celestial Pole?|Polaris
Science & Nature|What is the same in Celsius and Fahrenheit?|-40
Science & Nature|The medial meniscus forms which part of what joint in the human body?|Knee
Science & Nature|What was the first organic compound to be synthesized from inorganic compounds?|Urea
Science & Nature|Approximately how long is a year on Uranus?|84 Earth years
Science & Nature|In the Scoville scale, what is the hottest chemical?|Resiniferatoxin
Science & Nature|What is isobutylphenylpropanoic acid more commonly known as?|Ibuprofen
Science & Nature|How many planets make up our Solar System?|8
Science & Nature|Which of the following plastic is commonly used for window frames, gutters and drain pipes?|Polyvinylchloride (PVC) 
Science & Nature|Au on the Periodic Table refers to which element?|Gold
Science & Nature|How many chromosomes are in your body cells?|23
Science & Nature|Dry ice is the solid form of what substance?|Carbon dioxide
Science & Nature|Which desert is the only desert in the world where the "Saguaro" cactus grows indigenously?|The Sonoran Desert
Science & Nature|What is the unit of electrical resistance?|Ohm
Science & Nature|The asteroid belt is located between which two planets?|Mars and Jupiter
Science & Nature|After which Danish city is the 72th element on the periodic table named?|Copenhagen
Science & Nature|Which of the following is the term for "surgical complications resulting from surgical sponges left inside the patient's body?|Gossypiboma
Science & Nature|What are the smallest blood vessels in the human body?|Capillaries
Science & Nature|Which of these choices is not one of the phases of mitosis?|Diplophase
Science & Nature|Which Apollo mission was the first one to land on the Moon?|Apollo 11
Science & Nature|A defibrillator is used to start up a heartbeat once a heart has stopped beating.|False
Science & Nature|Which of the following is a major muscle of the back?|Trapezius
Science & Nature|Pneumonoultramicroscopicsilicovolcanoconiosis is a synonym for the disease known as silicosis.|True
Science & Nature|Autosomal-dominant Compelling Helio-Ophthalmic Outburst syndrome is the need to do what when seeing the Sun?|Sneeze
Science & Nature|Which is the chemical name of H2O?|Dihydrogen Monoxide
Science & Nature|What nucleotide pairs with guanine?|Cytosine
Science & Nature|What is the molecular formula of the active component of chili peppers(Capsaicin)?|C18H27NO3
Science & Nature|What is the unit of electrical inductance?|Henry
Science & Nature|What is Hypernatremia?|Increase in blood sodium
Science & Nature|Which scientific unit is named after an Italian nobleman?|Volt
Science & Nature|Myopia is the scientific term for which condition?|Shortsightedness
Science & Nature|Which noble gas has the lowest atomic number?|Helium
Science & Nature|If you planted the seeds of Quercus robur what would grow?|Trees
Science & Nature|Which of the following are cells of the adaptive immune system?|Cytotoxic T cells
Science & Nature|What causes the sound of a heartbeat?|Closure of the heart valves
Science & Nature|What is the largest animal currently on Earth?|Blue Whale
Science & Nature|What is the scientific name of the knee cap?|Patella
Science & Nature|The "Gympie Stinger" is the deadliest plant in the world.|False
Science & Nature|What is the standard SI unit for temperature?|Kelvin
Science & Nature|The planet Mars has two moons orbiting it.|True
Science & Nature|Which element has the atomic number of 7?|Nitrogen
Science & Nature|What does the letter 'S' stand for in 'NASA'?|Space
Science & Nature|Which of the following bones is not in the leg?|Radius
Science & Nature|What element on the periodic table has 92 electrons?|Uranium
Science & Nature|Which psychological term refers to the stress of holding contrasting beliefs?|Cognitive Dissonance
Science & Nature|Where did the dog breed "Chihuahua" originate?|Mexico
Science & Nature|How many planets are in our Solar System?|Eight
Science & Nature|Hippopotomonstrosesquippedaliophobia is the irrational fear of long words.|True
Science & Nature|"Tachycardia" or "Tachyarrhythmia" refers to a resting heart-rate near or over 100 BPM.|True
Science & Nature|Scientists accidentally killed the once known world's oldest living creature, a mollusc, known to be aged as 507 years old.|True
Science & Nature|Which is the longest bone in the human body? |Femur
Science & Nature|Which one of these scientists conducted the Gold Foil Experiment which concluded that atoms are mostly made of empty space?|Ernest Rutherford
Science & Nature|How many types of quarks are there in the standard model of physics?|6
Science & Nature|The 'Islets of Langerhans' is found in which human organ?|Pancreas
Science & Nature|The biggest distinction between a eukaryotic cell and a prokaryotic cell is:|The presence or absence of a nucleus
Science & Nature|What is the most potent toxin known?|Botulinum toxin
Science & Nature|What is considered the rarist form of color blindness?|Blue
Science & Nature|What physics principle relates the net electric flux out of a closed surface to the charge enclosed by that surface?|Gauss's Law
Science & Nature|What is the "powerhouse" of the Eukaryotic animal cell?|Mitochondria
Science & Nature|What is the colour of unoxidized blood?|Red
Science & Nature|What is the scientific name of the red fox?|Vulpes Vulpes
Science & Nature|An exothermic reaction is a chemical reaction that releases energy by radiating electricity.|False
Science & Nature|What is the scientific name for the extinct hominin known as "Lucy"?|Australopithecus Afarensis
Science & Nature|An atom contains a nucleus.|True
Science & Nature|What mineral has the lowest number on the Mohs scale?|Talc
Science & Nature|In human biology, a circadium rhythm relates to a period of roughly how many hours?|24
Science & Nature|Folic acid is the synthetic form of which vitamin?|Vitamin B
Science & Nature|Where did the Great Storm of 1987 make landfall at, first?|Cornwall
Science & Nature|All the following metal elements are liquids at or near room temperature EXCEPT:|Beryllium
Science & Nature|The moons, Miranda, Ariel, Umbriel, Titania and Oberon orbit which planet?|Uranus
Science & Nature|In Psychology, which need appears highest in the "Maslow's hierarchy of needs" pyramid?|Esteem
Science & Nature|Which element has the chemical symbol 'Fe'?|Iron
Science & Nature|The medical condition osteoporosis affects which part of the body?|Bones
Science & Nature|Igneous rocks are formed by excessive heat and pressure.|False
Science & Nature|At what temperature does water boil?|212°F
Science & Nature|Which color cannot be produced in Roses, even through genetic alteration?|Blue
Science & Nature|Which of these elements on the Periodic Table is a Noble Gas?|Neon
Science & Nature|In physics, conservation of energy and conservation of momentum are both consequences of which of the following?|Noether's Theorem
Science & Nature|Which of the following is considered classical conditioning?|Pavlov's dog experiments
Science & Nature|What does LASER stand for?|Light amplification by stimulated emission of radiation
Science & Nature|What is the atomic number of the element Strontium?|38
Science & Nature|What is the atomic mass of Carbon?|12
Science & Nature|What lies at the center of our galaxy?|A black hole
Science & Nature|Which chemical element has the lowest boiling point?|Helium
Science & Nature|71% of the Earth's surface is made up of|Water
Science & Nature|What stage of development do the majority of eukaryotic cells remain in for most of their life?|Interphase
Science & Nature|It was once believed that injecting shark cartilage into people would prevent them from contracting cancer.|True
Science & Nature|Anatomy considers the forms of macroscopic structures such as organs and organ systems.|True
Science & Nature|What is "Stenoma"?|A genus of moths
Science & Nature|Which of these is NOT a part of the structure of a typical neuron?|Islets of Langerhans
Science & Nature|The Neanderthals were a direct ancestor of modern humans.|False
Science & Nature|How many protons are in an oxygen atom?|Eight
Science & Nature|The chemical element Lithium is named after the country of Lithuania.|False
Science & Nature|"The Big Bang Theory" was first theorized by a priest of what religious ideology?|Catholic
Science & Nature|What name is given to all baby marsupials?|Joey
Science & Nature|In aeronautics, flaps and slats are used to control what on an aircraft?|Lift
Science & Nature|What genetic disease is caused by having an extra Y chromosome (XYY)?|Jacob's Syndrome
Science & Nature|Which element has the highest melting point?|Carbon
Science & Nature|Which of the following men does not have a chemical element named after him?|Sir Isaac Newton
Science & Nature|Which gas forms about 78% of the Earth’s atmosphere?|Nitrogen
Science & Nature|Which of the following is NOT a real element?|Vitrainium
Science & Nature|Not including false teeth; A human has two sets of teeth in their lifetime.|True
Science & Nature|A positron is an antiparticle of a what?|Electron
Science & Nature|Who is the chemical element Curium named after?|Marie & Pierre Curie
Science & Nature|The human right lung has how many lobes?|3
Science & Nature|What is the unit of electrical capacitance?|Farad
Science & Nature|On the periodic table of elements, what is the symbol for Tin?|Sn
Science & Nature|The word "science" stems from the word "scire" meaning what?|To know
Science & Nature|Alzheimer's disease primarily affects which part of the human body?|Brain
Science & Nature|How much radiation does a banana emit?|0.1 Microsievert
Science & Nature|What is the half-life of Uranium-235?|703,800,000 years
Science & Nature|What is the first element on the periodic table?|Hydrogen
Science & Nature|Which type of rock is created by intense heat AND pressure?|Metamorphic
Science & Nature|What part of the brain takes its name from the Greek for seahorse?|Hippocampus
Science & Nature|The Western Lowland Gorilla is scientifically know as?|Gorilla Gorilla Gorilla
Science & Nature|Gannymede is the largest moon of which planet?|Jupiter
Science & Nature|The value of one Calorie is different than the value of one calorie.|True
Science & Nature|How many officially recognized dwarf planets in the solar system are named after Polynesian deities?|2
Science & Nature|Muscle fiber is constructed of bundles small long organelles called what?|Myofibrils
Science & Nature|Botanically speaking, which of these fruits is NOT a berry?|Strawberry
Science & Nature|To the nearest minute, how long does it take for light to travel from the Sun to the Earth?|8 Minutes
Science & Nature|An organism described as "heliotropic" has a tendancy to move towards which of these things?|Light
Science & Nature|Burning which of these metals will produce a bright white flame?|Magnesium
Science & Nature|Down Syndrome is usually caused by an extra copy of which chromosome?|21
Science & Nature|What does DNA stand for?|Deoxyribonucleic Acid
Science & Nature|Coulrophobia is the irrational fear of what?|Clowns
Science & Nature|What is the standard atomic weight of a Plutonium nucleus?|244
Science & Nature|In quantum physics, which of these theorised sub-atomic particles has yet to be observed?|Graviton
Science & Nature|An Astronomical Unit is the distance between Earth and the Moon.|False
Science & Nature|What is radiation measured in?|Gray 
Science & Nature|The Doppler effect applies to light.|True
Science & Nature|What was the first living creature in space?|Fruit Flies 
Science & Nature|Deionized water is water with which of the following removed?|Iron
Science & Nature|The medical term for the belly button is which of the following?|Umbilicus
Science & Nature|What is an alternative name for multiple personality disorder?|Dissociative identity disorder
Science & Nature|What is the chemical formula for ammonia?|NH3
Science & Nature|Like with the Neanderthals, Homo sapiens sapiens also interbred with the Denisovans.|True
Science & Nature|Which moon is the only satellite in our solar system to possess a dense atmosphere?|Titan
Science & Nature|Along with Oxygen, which element is primarily responsible for the sky appearing blue?|Nitrogen
Science & Nature|What is the powerhouse of the cell?|Mitochondria
Science & Nature|The Axiom of Preventive Medicine states that people with ___ risk for a disease should be screened and we should treat ___ of those people.|low, all
Science & Nature|Sound can travel through a vacuum.|False
Science & Nature|What is the study of the cells and tissues of plants and animals?|Histology
Science & Nature|Rhinoplasty is a surgical procedure on what part of the human body?|Nose
Science & Nature|Who developed the first successful polio vaccine in the 1950s?|Jonas Salk
Science & Nature|Water always boils at 100°C, 212°F, 373.15K, no matter where you are.|False
Science & Nature|A person can get sunburned on a cloudy day.|True
Science & Nature|Salt is 100% composed of Sodium.|False
Science & Nature|What is the molecular formula of Glucose?|C6H12O6
Science & Nature|How many degrees Fahrenheit is 100 degrees Celsius? |212
Science & Nature|The human heart has how many chambers?|4
Science & Nature|An organic compound is considered an alcohol if it has what functional group?|Hydroxyl
Science & Nature|Which major extinction event was caused by an asteroid collision and eliminated the majority of non-avian dinosaurs?|Cretaceous-Paleogene
Science & Nature|Which portion of the Marijuana plant produces the psychoactive substance known as THC?|Female Flower
Science & Nature|Which is not a type of neuron?|Perceptual Neuron
Science & Nature|What was the name of the first artificial Earth satellite, launched by the Soviet Union in 1957?|Sputnik 1
Science & Nature|Who discovered the Law of Gravity?|Sir Isaac Newton
Science & Nature|When was the first mammal successfully cloned?|1996
Science & Nature|How many bones are in the human body?|206
Science & Nature|What is the largest living organism currently known to man?|Honey Fungus
Science & Nature|Which planet did the "Viking 1" spacecraft send surface images of, starting in 1976?|Mars
Science & Nature|What are human nails made of?|Keratin
Science & Nature|Type 1 diabetes is a result of the liver working improperly.|False
Science & Nature|Which of these animals belongs in class Chondrichthyes?|Great white shark
Science & Nature|All of the following human genetic haplogroup names are shared between Y-chromosome and mitochondrial DNA haplogroups EXCEPT:|Haplogroup U
Science & Nature|Where is the Gluteus Maximus muscle located?|Butt
Science & Nature|About how old is Earth?|4.5 Billion Years
Science & Nature|What does the yellow diamond on the NFPA 704 fire diamond represent?|Reactivity
Science & Nature|The Sun consists of mostly which two elements?|Hydrogen & Helium
Science & Nature|The core of the Sun can reach which temperature?|27° Million F (15° Million C)
Science & Nature|What common name is given to the medial condition, tibial stress syndrome (MTSS)?|Shin Splints
Science & Nature|A plant that has a life cycle for more than a year is known as an annual.|False
Science & Nature|Psychology is the science of behavior and mind.|True
Science & Nature|What animal takes part in Schrödinger's most famous thought experiment?|Cat
Science: Computers|The Python programming language gets its name from the British comedy group "Monty Python."|True
Science: Computers|What is the codename of the eighth generation Intel Core micro-architecture launched in October 2017?|Coffee Lake
Science: Computers|What amount of bits commonly equals one byte?|8
Science: Computers|Which one of these is not an official development name for a Ubuntu release?|Mystic Mansion
Science: Computers|Linus Torvalds created Linux and Git.|True
Science: Computers|What language does Node.js use?|JavaScript
Science: Computers|Which of the following is the oldest of these computers by release date?|TRS-80
Science: Computers|The very first recorded computer "bug" was a moth found inside a Harvard Mark II computer.|True
Science: Computers|Dutch computer scientist Mark Overmars is known for creating which game development engine?|Game Maker
Science: Computers|AMD created the first consumer 64-bit processor.|True
Science: Computers|The IBM PC used an Intel 8008 microprocessor clocked at 4.77 MHz and 8 kilobytes of memory.|False
Science: Computers|Which of the following computer components can be built using only NAND gates?|ALU
Science: Computers|Which computer hardware device provides an interface for all other connected devices to communicate?|Motherboard
Science: Computers|Laserjet and inkjet printers are both examples of what type of printer?|Non-impact printer
Science: Computers|A Boolean value of "0" represents which of these words?|False
Science: Computers|What does the computer software acronym JVM stand for?|Java Virtual Machine
Science: Computers|What was the name given to Android 4.3?|Jelly Bean
Science: Computers|Which of these Cherry MX mechanical keyboard switches is both tactile and clicky?|Cherry MX Blue
Science: Computers|What does the 'S' in the RSA encryption algorithm stand for?|Shamir
Science: Computers|In HTML, which non-standard tag used to be be used to make elements scroll across the viewport?|<marquee></marquee>
Science: Computers|The NVidia GTX 1080 gets its name because it can only render at a 1920x1080 screen resolution.|False
Science: Computers|Early RAM was directly seated onto the motherboard and could not be easily removed.|True
Science: Computers|Which of the following languages is used as a scripting language in the Unity 3D game engine?|C#
Science: Computers|Which of these people was NOT a founder of Apple Inc?|Jonathan Ive
Science: Computers|Released in 2001, the first edition of Apple's Mac OS X operating system (version 10.0) was given what animal code name?|Cheetah
Science: Computers|What is the correct term for the metal object in between the CPU and the CPU fan within a computer system?|Heat Sink
Science: Computers|When Gmail first launched, how much storage did it provide for your email?|1GB
Science: Computers|How many bits make up the significand portion of a single precision floating point number?|23
Science: Computers|Which of these is not a key value of Agile software development?|Comprehensive documentation
Science: Computers|What is the number of keys on a standard Windows Keyboard?|104
Science: Computers|How many Hz does the video standard PAL support?|50
Science: Computers|The teapot often seen in many 3D modeling applications is called what?|Utah Teapot
Science: Computers|In computing, what does MIDI stand for?|Musical Instrument Digital Interface
Science: Computers|On Twitter, what was the original character limit for a Tweet?|140
Science: Computers|When did the online streaming service "Mixer" launch?|2016
Science: Computers|This mobile OS held the largest market share in 2012.|iOS
Science: Computers|In computing, what does LAN stand for?|Local Area Network
Science: Computers|What does "LCD" stand for?|Liquid Crystal Display
Science: Computers|To bypass US Munitions Export Laws, the creator of the PGP published all the source code in book form. |True
Science: Computers|What is known as "the brain" of the Computer?|Central Processing Unit
Science: Computers|What does LTS stand for in the software market?|Long Term Support
Science: Computers|According to DeMorgan's Theorem, the Boolean expression (AB)' is equivalent to:|A' + B'
Science: Computers|What did the name of the Tor Anonymity Network orignially stand for?|The Onion Router
Science: Computers|Which programming language shares its name with an island in Indonesia?|Java
Science: Computers|What is the most preferred image format used for logos in the Wikimedia database?|.svg
Science: Computers|How many kilobytes in one gigabyte (in decimal)?|1000000
Science: Computers|Which RAID array type is associated with data mirroring?|RAID 1
Science: Computers|.at is the top-level domain for what country?|Austria
Science: Computers|In the programming language "Python", which of these statements would display the string "Hello World" correctly?|print("Hello World")
Science: Computers|When was the programming language "C#" released?|2000
Science: Computers|In programming, what do you call functions with the same name but different implementations?|Overloading
Science: Computers|Time on Computers is measured via the EPOX System.|False
Science: Computers|Which of these is the name for the failed key escrow device introduced by the National Security Agency in 1993?|Clipper Chip
Science: Computers|The first dual-core CPU was the Intel Pentium D.|False
Science: Computers|Ada Lovelace is often considered the first computer programmer.|True
Science: Computers|Pointers were not used in the original C programming language; they were added later on in C++.|False
Science: Computers|What is the name given to layer 4 of the Open Systems Interconnection (ISO) model?|Transport
Science: Computers|FLAC stands for "Free Lossless Audio Condenser"'|False
Science: Computers|All program codes have to be compiled into an executable file in order to be run. This file can then be executed on any machine.|False
Science: Computers|How many cores does the Intel i7-6950X have?|10
Science: Computers|DHCP stands for Dynamic Host Configuration Port.|False
Science: Computers|All of the following programs are classified as raster graphics editors EXCEPT:|Inkscape
Science: Computers|"Windows NT" is a monolithic kernel.|False
Science: Computers|Moore's law originally stated that the number of transistors on a microprocessor chip would double every...|Year
Science: Computers|What does GHz stand for?|Gigahertz
Science: Computers|Which internet company began life as an online bookstore called 'Cadabra'?|Amazon
Science: Computers|The first computer bug was formed by faulty wires.|False
Science: Computers|It's not possible to format a write-protected DVD-R Hard Disk.|True
Science: Computers|In any programming language, what is the most common way to iterate through an array?|'For' loops
Science: Computers|Whistler was the codename of this Microsoft Operating System.|Windows XP
Science: Computers|In CSS, which of these values CANNOT be used with the "position" property?|center
Science: Computers|The last Windows operating system to be based on the Windows 9x kernel was Windows 98.|False
Science: Computers|How fast is USB 3.1 Gen 2 theoretically?|10 Gb/s
Science: Computers|Nvidia's headquarters are based in which Silicon Valley city?|Santa Clara
Science: Computers|What type of sound chip does the Super Nintendo Entertainment System (SNES) have?|ADPCM Sampler
Science: Computers|The internet domain .fm is the country-code top-level domain for which Pacific Ocean island nation?|Micronesia
Science: Computers|What does the term MIME stand for, in regards to computing?|Multipurpose Internet Mail Extensions
Science: Computers|Generally, which component of a computer draws the most power?|Video Card
Science: Computers|In "Hexadecimal", what color would be displayed from the color code? "#00FF00"?|Green
Science: Computers|What does the term GPU stand for?|Graphics Processing Unit
Science: Computers|Which of these was the name of a bug found in April 2014 in the publicly available OpenSSL cryptography library?|Heartbleed
Science: Computers|HTML is what type of language?|Markup Language
Science: Computers|Which operating system was released first?|Mac OS
Science: Computers|The Windows ME operating system was released in the year 2000.|True
Science: Computers|The HTML5 standard was published in 2014.|True
Science: Computers|In programming, the ternary operator is mostly defined with what symbol(s)?|?:
Science: Computers|The open source program Redis is a relational database server.|False
Science: Computers|What vulnerability ranked #1 on the OWASP Top 10 in 2013?|Injection 
Science: Computers|What was the first company to use the term "Golden Master"?|Apple
Science: Computers|What is the name of the default theme that is installed with Windows XP?|Luna
Science: Computers|America Online (AOL) started out as which of these online service providers?|Quantum Link
Science: Computers|The programming language "Python" is based off a modified version of "JavaScript".|False
Science: Computers|What was the first Android version specifically optimized for tablets?|Honeycomb
Science: Computers|What does AD stand for in relation to Windows Operating Systems? |Active Directory
Science: Computers|Which company was established on April 1st, 1976 by Steve Jobs, Steve Wozniak and Ronald Wayne?|Apple
Science: Computers|In computing terms, typically what does CLI stand for?|Command Line Interface
Science: Computers|How many bytes are in a single Kibibyte?|1024
Science: Computers|The Windows 7 operating system has six main editions.|True
Science: Computers|Which programming language was developed by Sun Microsystems in 1995?|Java
Science: Computers|What is the name of the process that sends one qubit of information using two bits of classical information?|Quantum Teleportation
Science: Computers|Lenovo acquired IBM's personal computer division, including the ThinkPad line of laptops and tablets, in what year?|2005
Science: Computers|What was the name of the security vulnerability found in Bash in 2014?|Shellshock
Science: Computers|What was the name of the first Bulgarian personal computer?|IMKO-1
Science: Computers|Which of these programming languages is a low-level language?|Assembly
Science: Computers|The numbering system with a radix of 16 is more commonly referred to as |Hexidecimal
Science: Computers|Which coding language was the #1 programming language in terms of usage on GitHub in 2015?|JavaScript
Science: Computers|Who invented the "Spanning Tree Protocol"?|Radia Perlman
Science: Computers|How long is an IPv6 address?|128 bits
Science: Computers|Which of these names was an actual codename for a cancelled Microsoft project?|Neptune
Science: Computers|What was the first commerically available computer processor?|Intel 4004
Science: Computers|What does the acronym CDN stand for in terms of networking?|Content Delivery Network
Science: Computers|What five letter word is the motto of the IBM Computer company?|Think
Science: Computers|Which kind of algorithm is Ron Rivest not famous for creating?|Secret sharing scheme
Science: Computers|What does the Prt Sc button do?|Captures what's on the screen and copies it to your clipboard
Science: Computers|What is the main CPU is the Sega Mega Drive / Sega Genesis?|Motorola 68000
Science: Computers|The T-Mobile Sidekick smartphone is a re-branded version of the Danger Hiptop.|True
Science: Computers|Unix Time is defined as the number of seconds that have elapsed since when?|Midnight, January 1, 1970
Science: Computers|What is the code name for the mobile operating system Android 7.0?|Nougat
Science: Computers|What does CPU stand for?|Central Processing Unit
Science: Computers|The series of the Intel HD graphics generation succeeding that of the 5000 and 6000 series (Broadwell) is called:|HD Graphics 500
Science: Computers|In most programming languages, the operator ++ is equivalent to the statement "+= 1".|True
Science: Computers|Who is the founder of Palantir?|Peter Thiel
Science: Computers|In web design, what does CSS stand for?|Cascading Style Sheet
Science: Computers|MacOS is based on Linux.|False
Science: Computers|What internet protocol was documented in RFC 1459?|IRC
Science: Computers|What port does HTTP run on?|80
Science: Computers|In the server hosting industry IaaS stands for...|Infrastructure as a Service
Science: Computers|What does the International System of Quantities refer 1024 bytes as?|Kibibyte
Science: Computers|The programming language 'Swift' was created to replace what other programming language?|Objective-C
Science: Computers|On which day did the World Wide Web go online?|December 20, 1990
Science: Computers|In the programming language Java, which of these keywords would you put on a variable to make sure it doesn't get modified?|Final
Science: Computers|Which of the following is a personal computer made by the Japanese company Fujitsu?|FM-7
Science: Computers|The C programming language was created by this American computer scientist. |Dennis Ritchie
Science: Computers|Who is the original author of the realtime physics engine called PhysX?|NovodeX
Science: Computers|What does the "MP" stand for in MP3?|Moving Picture
Science: Computers|If you were to code software in this language you'd only be able to type 0's and 1's.|Binary
Science: Computers|The logo for Snapchat is a Bell.|False
Science: Computers|On which computer hardware device is the BIOS chip located?|Motherboard
Science: Computers|The common software-programming acronym "I18N" comes from the term "Interlocalization".|False
Science: Computers|Which computer language would you associate Django framework with?|Python
Science: Computers|Android versions are named in alphabetical order.|True
Science: Computers|RAM stands for Random Access Memory.|True
Science: Computers|Which of these is not a layer in the OSI model for data communications?|Connection Layer
Science: Computers|"HTML" stands for Hypertext Markup Language.|True
Science: Computers|Which data structure does FILO apply to?|Stack
Science: Computers|The computer OEM manufacturer Clevo, known for its Sager notebook line, is based in which country?|Taiwan
Science: Computers|What major programming language does Unreal Engine 4 use?|C++
Science: Computers|The acronym "RIP" stands for which of these?|Routing Information Protocol
Science: Computers|While Apple was formed in California, in which western state was Microsoft founded?|New Mexico
Science: Computers|Approximately how many Apple I personal computers were created?|200
Science: Computers|The name of technology company HP stands for what?|Hewlett-Packard
Science: Computers|Linus Sebastian is the creator of the Linux kernel, which went on to be used in Linux, Android, and Chrome OS.|False
Science: Computers|Linux was first created as an alternative to Windows XP.|False
Science: Computers|How many values can a single byte represent?|256
Science: Computers|The Harvard architecture for micro-controllers added which additional bus?|Instruction
Science: Computers|What is the domain name for the country Tuvalu?|.tv
Science: Computers|What does RAID stand for?|Redundant Array of Independent Disks
Science: Computers|.rs is the top-level domain for what country?|Serbia
Science: Computers|According to the International System of Units, how many bytes are in a kilobyte of RAM?|1000
Geography|Which of the following former Yugoslavian states is landlocked?|Serbia
Geography|Montreal is in which Canadian province?|Quebec
Geography|What was the most populous city in the Americas in 2015?|São Paulo
Geography|The Maluku islands (informally known as the Spice Islands) belong to which country?|Indonesia
Geography|The derisive acronym "PIIGS" refers to which of the following European countries and their economic statuses?|Portugal, Ireland, Italy, Greece, Spain
Geography|Which of the following countries is within the Eurozone but outside of the Schengen Area?|Cyprus
Geography|Which of these is NOT a city in India?|Islamabad
Geography|Nova Scotia is on the east coast of Canada.|True
Geography|What is the right way to spell the capital of Hungary?|Budapest
Geography|Which is not a country in Africa?|Guyana
Geography|What is the Finnish word for "Finland"?|Suomi
Geography|Which country is the Taedong River in?|North Korea
Geography|What is the capital city of Bermuda?|Hamilton
Geography|How many countries share a land border with Luxembourg?|3
Geography|What is the largest city and commercial capital of Sri Lanka?|Colombo
Geography|What is the capital of the State of Washington, United States?|Olympia
Geography|What is the largest lake in the African continent?|Lake Victoria
Geography|Greenland is a part of which kingdom?|Denmark
Geography|What is Canada's smallest province?|Prince Edward Island
Geography|Which Russian oblast forms a border with Poland?|Kaliningrad
Geography|Which English county will you find the University of East Anglia?|Norfolk
Geography|California is larger than Japan.|True
Geography|Which one of these countries borders with Poland?|Lithuania
Geography|What continent is the country Lesotho in?|Africa
Geography|Which of these is NOT a real tectonic plate?|Atlantic Plate
Geography|What's the first National Park designated in the United States?|Yellowstone
Geography|What European country is not a part of the EU?|Norway
Geography|What is the capital of Chile?|Santiago
Geography|What is the 15th letter of the Greek alphabet?|Omicron (Ο)
Geography|What is the name of the formerly rich fishing grounds off the island of Newfoundland, Canada?|Grand Banks
Geography|You could walk from Norway to North Korea while only passing through Russia.|True
Geography|Which of these countries is the smallest by population?|Norway
Geography|What is the capital of Lithuania?|Vilnius
Geography|Which of the following Arab countries does NOT have a flag containing only Pan-Arab colours?|Qatar
Geography|Which of these cities has a 4° East longitude. |Amsterdam
Geography|The towns of Brugelette, Arlon and Ath are located in which country?|Belgium
Geography|If soccer is called football in England, what is American football called in England?|American football
Geography|What city is known as the Rose Capital of the World?|Tyler, Texas
Geography|Which country was NOT part of the Soviet Union?|Romania
Geography|The Pyrenees mountains are located on the border of which two countries?|France and Spain
Geography|What is the largest freshwater lake by volume?|Lake Baikal
Geography|Liechtenstein does not have an airport.|True
Geography|Where is the "Sonoran Desert" located?|North America
Geography|Which of these American cities has fewer than 1,000,000 people?|San Francisco, California
Geography|Alaska is the largest state in the United States.|True
Geography|Israel is 7 hours ahead of New York.|True
Geography|Which of these cities is NOT in England?|Edinburgh
Geography|What is the capital of South Korea?|Seoul
Geography|On which continent is the country of Angola located?|Africa
Geography|Which country is the home of the largest Japanese population outside of Japan?|Brazil
Geography|What is Canada's largest island?|Baffin Island
Geography|Toronto is the capital city of the North American country of Canada.|False
Geography|What name was historically used for the Turkish city currently known as Istanbul?|Constantinople
Geography|Which of the following countries has a flag featuring a yellow lion wielding a sword on a dark red background?|Sri Lanka
Geography|Which of these countries is located the FURTHEST away from the South China Sea?|Bangladesh
Geography|What is the capital of British Columbia, Canada?|Victoria
Geography|San Marino is the only country completely surrounded by another country.|False
Geography|Which is the largest freshwater lake in the world?|Lake Superior 
Geography|The two largest ethnic groups of Belgium are Flemish and Walloon. |True
Geography|What is the only state in the United States that does not have a flag in a shape with 4 edges?|Ohio
Geography|The land mass of modern day Turkey is called what?|Anatolia
Geography|In the 2016 Global Peace Index poll, out of 163 countries, what was the United States of America ranked?|103
Geography|What is the capital of Estonia?|Tallinn
Geography|St. Louis is the capital of the US State Missouri.|False
Geography|Frankenmuth, a US city nicknamed "Little Bavaria", is located in what state?|Michigan
Geography|The historical city Timbuktu is located in which West African country?|Mali
Geography|Rhode Island is actually located on the US mainland, despite its name.|True
Geography|Which country does Austria not border?|France
Geography|All of the following are towns/villages in the Pacific Island nation of Kiribati EXCEPT:|Urutora
Geography|Which of these African countries list "Spanish" as an official language?|Equatorial Guinea
Geography|Vatican City is a country.|True
Geography|Greenland is almost as big as Africa.|False
Geography|Kuala Lumpur is the capital of which country?|Malaysia
Geography|What is the name of the peninsula containing Spain and Portugal?|Iberian Peninsula
Geography|What year is on the flag of the US state Wisconsin?|1848
Geography|How many states are in Australia?|6
Geography|Gothenburg is the capital of Sweden.|False
Geography|Which of the following languages does NOT use the Latin alphabet?|Georgian
Geography|The formerly East-Prussian city of Königsberg is known as which Russian City today?|Kaliningrad
Geography|Which of the following countries banned the use of personal genetic ancestry tests?|Germany
Geography|The emblem on the flag of the Republic of Tajikistan features a sunrise over mountains below what symbol?|Crown
Geography|Which of the following is not a megadiverse country - one that harbors a high number of the earth's endemic species?|Thailand
Geography|What is the region conjoining Pakistan, India, and China with unknown leadership called?|Kashmir
Geography|Which ocean borders the west coast of the United States?|Pacific
Geography|Which of the following language families is the most controversial amongst modern linguists?|Altaic
Geography|What is the largest country in the world ?|Russian Federation
Geography|How many countries are larger than Australia?|5
Geography|Where is the fast food chain "Panda Express" headquartered?|Rosemead, California
Geography|Colchester Overpass, otherwise known as "Bunny Man Bridge", is located where?|Fairfax County, Virginia
Geography|Japan has left-hand side traffic.|True
Geography|What country has a horizontal bicolor red and white flag?|Monaco
Geography|Which of these countries is not a United Nations member state?|Niue
Geography|Bir Tawil, an uninhabited track of land claimed by no country, is located along the border of which two countries?|Egypt and Sudan
Geography|What is the capital of the American state of Arizona?|Phoenix
Geography|Which German city is located on the River Isar?|Munich
Geography|What is the largest non-continental island in the world?|Greenland
Geography|What country is the second largest in the world by area?|Canada
Geography|Which European city has the highest mileage of canals in the world?|Birmingham
Geography|Which of the following European languages is classified as a "language isolate?"|Basque
Geography|What is the capital of Greenland?|Nuuk
Geography|In which English county is Stonehenge?|Wiltshire
Geography|What is the area of Vatican City?|0.44km^2
Geography|How many federal states does Germany have?|16
Geography|Which of the following Japanese islands is the biggest?|Honshu
Geography|There exists an island named "Java".|True
Geography|Norway has a larger land area than Sweden.|False
Geography|What is the name of the capital of Turkey?|Ankara
Geography|Which city is the capital of Switzerland?|Bern
Geography|There is an island in Japan called Ōkunoshima, A.K.A. "Rabbit Island", so named because of it's huge population of rabbits.|True
Geography|Which of the following countries does NOT recognize Armenia as an independent country?|Pakistan
Geography|Which US state has the highest population?|California
Geography|How many timezones does Russia have?|11
Geography|There are no deserts in Europe.|True
Geography|Broome is a town in which state of Australia?|Western Australia
Geography|Where is the world's oldest still operational space launch facility located?|Kazakhstan
Geography|How many countries border Kyrgyzstan?|4
Geography|Which of the following is NOT a capital city?|Sydney
Geography|What is the northernmost human settlement with year round inhabitants?|Alert, Canada
Geography|The Southeast Asian island of Borneo is politically divided among 3 countries.|True
Geography|The Principality of Sealand is an unrecognized micronation off the coast of what country?|The United Kingdom
Geography|Which two modern-day countries used to be known as the region of Rhodesia between the 1890s and 1980?|Zambia & Zimbabwe
Geography|The Sonoran Desert is located in eastern Africa.|False
Geography|The following Spanish provinces are located in the northern area of Spain except:|Murcia
Geography|What North American tourist attraction is served by the "Maid of the Mist" tour company?|Niagara Falls
Geography|Which is the world's longest river?|Nile
Geography|What state is the largest state of the United States of America?|Alaska
Geography|How many countries does Spain have a land border with?|5
Geography|What is the name of the Canadian national anthem?|O Canada
Geography|What city  has the busiest airport in the world?|Atlanta, Georgia USA
Geography|The body of the Egyptian Sphinx was based on which animal?|Lion
Geography|Harvard University is located in which city?|Cambridge
Geography|Which of these is NOT a city in Saudi Arabia?|Dubai
Geography|Bridgetown is the capital of which island country in the Carribean?|Barbados
Geography|What is the name of rocky region that spans most of eastern Canada?|Canadian Shield
Geography|Which of the following is the longest river in Europe?|Volga
Geography|What African country has Portuguese as its official language?|Mozambique
Geography|What mountain range lines the border between Spain and France?|Pyrenees
Geography|Which of these countries is "doubly landlocked" (surrounded entirely by one or more landlocked countries)?|Uzbekistan
Geography|What was the African nation of Zimbabwe formerly known as?|Rhodesia
Geography|Which city is the capital of the United States of America?|Washington D.C
Geography|Which country is completely landlocked by South Africa?|Lesotho
Geography|Switzerland has four national languages, English being one of them.|False
Geography|All of the following are classified as Finno-Ugric languages EXCEPT:|Samoyedic
Geography|The prefix Sino- (As in Sino-American) is used to refer to what nationality?|Chinese
Geography|Which Canadian province has Charlottetown as its capital?|Prince Edward Island
Geography|What is the capital city of Slovenia?|Ljubljana
Geography|Is Tartu the capital of Estonia?|False
Geography|Ottawa is the capital of Canada.|True
Geography|How many stars are featured on New Zealand's flag?|4
Geography|How many rivers are in Saudi Arabia?|0
Geography|What is the capital city of New Zealand?|Wellington
Geography|How many independent countries are there within the continent of South America?|12
Geography|Which nation claims ownership of Antarctica?|No one, but there are claims.
Geography|The Republic of Malta is the smallest microstate worldwide.|False
Geography|Where is the area commonly known as the Bermuda Triangle?|North Atlantic Ocean, between Florida and Puerto Rico
Geography|How many stations does the Central Line have on the London Underground?|49
Geography|Which of these island countries is located in the Caribbean?|Barbados
Geography|What is the capital of the US State of New York?|Albany
Geography|What is the official German name of the Swiss Federal Railways?|Schweizerische Bundesbahnen
Geography|What is the highest mountain in the world?|Mt. Everest
Geography|What tiny principality lies between Spain and France?|Andorra
Geography|What is the nickname for the US state Delaware?|The First State
Geography|What is the capital of Peru?|Lima
Geography|What is Laos?|Country
Geography|What is the longest river in Europe?|Volga
Geography|The land of Gotland is located in which European country?|Sweden
Geography|What is the capital of Mauritius?|Port Louis
Geography|Where would you find the "Spanish Steps"?|Rome, Italy
Geography|What is the official language of Costa Rica?|Spanish
Geography|Tokyo is the capital of Japan.|True
Geography|When does Finland celebrate their independence day?|December 6th
Geography|All of the following countries have official claims to territory in Antartica EXCEPT:|United States
Geography|What city is the Terracotta Army located in?|Xi'an
Geography|Which of these is the name of the largest city in the US state Tennessee?|Memphis
Geography|What is the county seat of King County, Washington?|Seattle
Geography|A group of islands is called an 'archipelago'.|True
Geography|The Space Needle is located in which city?|Seattle
Geography|What is the Polish city known to Germans as Danzig?|Gdańsk
Geography|How many countries does Mexico border?|3
Geography|How many counties in the Republic of Ireland.|26
Geography|In which English county is the city of Portsmouth?|Hampshire
Geography|Which of these countries is NOT a part of the Asian continent?|Suriname
Geography|New Haven is the capital city of the state of Connecticut in the United States.|False
Geography|How many time zones does China have?|1
Geography|The longest shared border in the world can be found between which two nations?|Canada and the United States
Geography|What is the capital of India?|New Delhi
Geography|What is the smallest country in South America by area?|Suriname
Geography|Which of these country's capitals starts with the letter B?|Lebanon
Geography|The title of the 1969 film "Krakatoa, East_of Java" is incorrect, as Krakatoa is in fact west of Java.|True
Geography|What are the four corner states of the US?|Utah, Colorado, Arizona, New Mexico
Geography|Which country has three capital cities?|South Africa
Geography|What is the name of one of the Neo-Aramaic languages spoken by the Jewish population from Northwestern Iraq?|Lishana Deni
Geography|What is the capital of Belarus?|Minsk
Geography|The flag of South Africa features 7 colours.|False
Geography|Which small country is located between the borders of France and Spain?|Andorra
Geography|What is the name of New Zealand's indigenous people?|Maori
Geography|What is the capital of Indonesia?|Jakarta
Geography|What is the largest country in the world?|Russia
Geography|The Alps are a mountain range on which continent?|Europe
Geography|Antarctica is the largest desert in the world.|True
Geography|Where is Hadrian's Wall located?|Carlisle, England
Geography|Which is the largest city in Morocco?|Casablanca
Geography|What is the name of the former country that was succeeded by countries such as Serbia, Croatia and Slovenia?|Yugoslavia
Geography|What is the capital of Seychelles?|Victoria
Geography|How many countries does the United States share a land border with?|2
Geography|What national museum will you find in Cooperstown, New York?|National Baseball Hall of Fame
Geography|The World Health Organization headquarters is located in which European country?|Switzerland
Geography|What is the smallest country in the world?|Vatican City
Geography|What colour is the circle on the Japanese flag?|Red
Geography|What is the tallest mountain in Canada?|Mount Logan
Geography|On a London Underground map, what colour is the Circle Line?|Yellow
Geography|The capital of the US State Ohio is the city of Chillicothe.|False
Geography|What is the capital of Slovakia?|Bratislava
Geography|In which country is Tallinn located?|Estonia
Geography|Which UK country features a dragon on their flag?|Wales
Geography|Hungary is the only country in the world beginning with H.|False
Geography|What is the busiest port in Europe?|Port of Rotterdam
Geography|What is the capital of Jamaica?|Kingston
Geography|What is the capital of Senegal?|Dakar
Geography|Seoul is the capital of North Korea.|False
Geography|There is a city called Rome in every continent on Earth.|False
Geography|The longest place named in the United States is Lake Chargoggagoggmanchauggagoggchaubunagungamaugg, located near Webster, MA.|True
Geography|What is the largest Muslim country in the world?|Indonesia
Geography|Which country was NOT formerly part of Yugoslavia?|Albania
Geography|What event led to Liechenstein adding a crown to its flag?|The 1936 Olympics
Geography|What is the fifth largest country by area?|Brazil
Geography|Which of these countries is NOT located in Africa?|Suriname
Geography|Which country inside the United Kingdom does NOT appear on its flag, the Union Jack?|Wales
Geography|What is the official national language of Pakistan?|Urdu
Geography|Into which basin does the Jordan River flow into?|Dead Sea
Geography|The mountainous Khyber Pass connects which of the two following countries?|Afghanistan and Pakistan
Geography|In 2012 the German-speaking microstate "Liechtenstein" in Central Europe had a population of how many inhabitants?|36,600
Geography|What is the land connecting North America and South America?|Isthmus of Panama
Geography|In which city, is the Big Nickel located in Canada?|Sudbury, Ontario
Geography|Which of these is NOT an island that is part of the Philippines?|Java
Geography|The Japanese district Akihabara is also known by what nickname?|Electric Town
Geography|How tall is One World Trade Center in New York City?|1,776 ft
Geography|What country is not a part of Scandinavia?|Finland
Geography|What is the capital of Scotland?|Edinburgh
Geography|What is the official language of Bhutan?|Dzongkha
Geography|What is the capital of Wisconsin, USA?|Madison
Geography|Which of these Japanese islands is the largest by area?|Shikoku
Geography|The Andaman and Nicobar Islands in South East Asia are controlled by which country?|India
Geography|The surface area of Russia is slightly larger than that of the dwarf planet Pluto.|True
Geography|Which of these is NOT a province in China?|Yangtze
Geography|What is the capital of Australia?|Canberra
Geography|What is the capital of Spain?|Madrid
Geography|Which country claims ownership of the disputed state Kosovo?|Serbia
Geography|The Hunua Ranges is located in...|New Zealand
Geography|Which of the following Inuit languages was the FIRST to use a unique writing system not based on the Latin alphabet?|Inuktitut
Geography|What is the most common climbing route for the second highest mountain in the world, K2?|Abruzzi Spur
Geography|What is the most populous Muslim-majority nation in 2010?|Indonesia
Geography|Gibraltar, located just south of the Iberian peninsula, is a territory of which West Europe country?|United Kingdom
Geography|What is the second-largest city in Lithuania?|Kaunas
Geography|How many provinces are in the Netherlands?|12
Geography|Where are the Nazca Lines located?|Peru
Geography|Which of these is NOT an Australian state or territory?|Alberta
Geography|Which state of the United States is the smallest?|Rhode Island 
Geography|Vietnam is the only country in the world that starts with V. |False
Geography|Llanfair­pwllgwyngyll­gogery­chwyrn­drobwll­llan­tysilio­gogo­goch is located on which Welsh island?|Anglesey
Geography|How many time zones are in Russia?|11
Geography|Lake Titicaca is located between which two nations?|Peru and Bolivia
Geography|How many countries are inside the United Kingdom?|Four
Geography|What is the capital of the US state Nevada?|Carson City
Geography|Which country has the abbreviation "CH"?|Switzerland
Geography|Greenland is covered with grass and Iceland covered with ice.|False
Geography|Only one country in the world starts with the letter Q.|True
Geography|There are no roads in/out of Juneau, Alaska.|True
Geography|What is the capital of Denmark?|Copenhagen
Geography|What is the Capital of the United States?|Washington, D.C.
Geography|How many sovereign states are members of the United Nations?|195
Geography|What is the name of the only remaining Grand Duchy in the world ?|Luxembourg
Geography|What is the only country in the world with a flag that doesn't have four right angles?|Nepal
Geography|"Mongolia" was a part of the now non-existent U.S.S.R.|False
Geography|What island in the Canary Islands was the scene of one of the worst air disasters in history with the collision of two jumbo jets?|Tenerife
History|Assyrian king Sennacherib's destruction of Babylon in 689 BCE was viewed as a triumph by other Assyrian citizens.|False
History|Who was the first American in space?|Alan Shephard
History|Abraham Lincoln was the first U.S. President to be born outside the borders of the thirteen original states. |True
History|When did construction of the Suez Canal finish?|1869
History|What does the United States of America celebrate during the 4th of July?|The signing of the Declaration of Independence
History|Which one of these rulers did not belong to the Habsburg dynasty?|Philip V
History|The idea of Socialism was articulated and advanced by whom?|Karl Marx
History|The son of which pope supposedly held a lecherous fête involving 50 courtesans in the papal palace?|Alexander VI
History|The ancient city of Chichén Itzá was built by which civilization?|Mayans
History|When did L. L. Zamenhof first publish "Unua Libro", the first publication describing his international language Esperanto?|1887
History|Which countries participated in the Lobster War?|France and Brazil
History|In World War I, what was the name of the alliance of Germany, Austria-Hungary, the Ottoman Empire, and Bulgaria?|The Central Powers
History|During World War I, which nation's monarchs were blood related?|England, Germany, Russia
History|When was Adolf Hitler appointed as Chancellor of Germany?|January 30, 1933
History|When did O, Canada officially become the national anthem?|1980
History|Which of the following ancient Near Eastern peoples still exists as a modern ethnic group?|Assyrians
History|Which is the hull NO. of the Fletcher class destroyer Fletcher?|DD-445
History|Under which name was Rodrigo Borgia made Pope?|Alexander VI
History|When did the United States formally declare war on Japan, entering World War II?|December 8, 1941
History|In what year was the famous 45 foot tall Hollywood sign first erected?|1923
History|What was the code name for the Allied invasion of Southern France on August 15th, 1944?|Operation Dragoon
History|Which of the following physicists did NOT work on the Manhattan project?|Murray Gell-Mann
History|What disease crippled President Franklin D. Roosevelt and led him to help the nation find a cure? |Polio
History|During WWII, in 1945, the United States dropped atomic bombs on the two Japanese cities of Hiroshima and what other city?|Nagasaki
History|In what year did Texas secede from Mexico?|1836
History|In World War ll, Great Britian used inflatable tanks on the ports of Great Britain to divert Hitler away from Normandy/D-day landing.|True
History|Oxford University is older than the Aztec Empire. |True
History|On which day did ARPANET suffer a 4 hour long network crash?|October 27, 1980
History|When Christopher Columbus sailed to America, what was the first region he arrived in?|The Bahamas Archipelago
History|The Hundred Years' War was fought for more than a hundred years.|True
History|One of the deadliest pandemics, the "Spanish Flu", killed off what percentage of the human world population at the time?|3 to 6 percent
History|The Thirty Years War ended with which treaty?|Peace of Westphalia
History|The United States Army Air Corps became the United States Air Force on what date?|September 18, 1947
History|The fourth funnel of the RMS Titanic was fake designed to make the ship look more powerful and symmetrical.|True
History|Which of these theoretical phycisists first predicted the existence of antimatter?|Paul Dirac
History|The United States of America declared their independence from the British Empire on July 4th, 1776.|True
History|When was the SS or Schutzstaffel established?|April 4th, 1925
History|Which modern country is known as "The Graveyard of Empires"?|Afghanistan
History|What was the bloodiest single-day battle during the American Civil War?|The Battle of Antietam
History|In what year was the last natural case of smallpox documented?|1977
History|What event marked the start of World War II?|Invasion of Poland (1939)
History|Which of the following is NOT classified as a Semetic language?|Sumerian
History|Toussaint Louverture led a successful slave revolt in which country?|Haiti
History|Which of the following was Brazil was a former colony under?|Portugal
History|After the 1516 Battle of Marj Dabiq, the Ottoman Empire took control of Jerusalem from which sultanate?|Mamluk
History|What was Genghis Khan's real name?|Temüjin
History|Which U.S. president took part in the Potsdam Conference, where the Allies reached a peace settlement with Germany?|Harry S. Truman
History|Who was the first man to travel into outer space twice?|Gus Grissom
History|The Fallingwater House, located in Pennsylvania, was designed by which architect?|Frank Lloyd Wright
History|How many women joined the United States Armed Services during World War II?|350,000
History|The creator of the Enigma Cypher and Machine was of what nationality?|German
History|When did Canada leave the confederation to become their own nation?|July 1st, 1867
History|Martin Luther King Jr. and Anne Frank were born the same year. |True
History|What country joined the EU in 2013?|Croatia
History|Joseph Stalin's real name was Ioseb Bessarionis dze Dzugashvili.|True
History|Which country was an allied power in World War II?|Soviet Union
History|In addition to his career as an astrologer and "prophet", Nostradamus published a 1555 treatise that included a section on what?|Making jams and jellies
History|In what year did the Berlin Wall fall?|1989
History|The Battle of Hastings was fought in which year?|1066
History|Which of the following ancient peoples was NOT classified as Hellenic (Greek)?|Illyrians
History|During the Wars of the Roses (1455 - 1487) which Englishman was dubbed "the Kingmaker"?|Richard Neville
History|In 1453, which important city fell?|Constantinople
History|During what war did the "Cuban Missile Crisis" occur?|Cold War
History|When did Norway get its constitution?|1814
History|On which day did the attempted coup d'etat of 1991 in the Soviet Union begin?|August 19
History|What year did the Vietnam War end?|1975
History|Which country gifted the Statue of Liberty to the United States of America?|France
History|In 1845, a series of wars named after which indigenous people began in New Zealand?|Māori
History|The Second Boer War in 1899 was fought where?|South Africa
History|How many times was Albert Einstein married in his lifetime?|Twice
History|In 1720, England was in massive debt and became involved in the South Sea Bubble. Who was the main mastermind behind it?|John Blunt
History|What is the historical name of Sri Lanka?|Ceylon
History|Which Las Vegas casino was originally constructed and operated by mobster Bugsy Siegel?|The Flamingo
History|The Ottoman Empire was dissolved after their loss in which war?|World War I
History|Sir Issac Newton served as a Member of Parliament, but the only recorded time he spoke was to complain about a draft in the chambers.|True
History|Who led the Communist Revolution of Russia?|Vladimir Lenin
History|When was the "Siege of Leningrad" lifted during World War II?|January 1944
History|Who is attributed credit for recording the epic poem The Odyssey?|Homer
History|Who was the first prime minister of Canada?|John Macdonald
History|Who assassinated President James A. Garfield?|Charles Guiteau
History|United States President John F. Kennedy was assassinated during his presidential motorcade in Atlanta, Georgia on November 22nd, 1963.|False
History|The crown of the Empire State Building was originally built for what purpose?|Airship Dock
History|The first televised presidential debate was between Jimmy Carter and Gerald Ford.|False
History|The Battle of Trafalgar took place on October 23rd, 1805|False
History|Which of these facilities was not present on the Titanic?|Fainting room
History|On what day did Germany invade Poland?|September 1, 1939
History|Which of these founding fathers of the United States of America later became president?|James Monroe
History|During the Spanish Civil War (1936), Francisco Franco fought for which political faction?|Nationalist Spain
History|The main objective of the German operation "Case Blue" during World War II was originally to capture what?|Caucasus
History| What Russian automatic gas-operated assault rifle was developed in the Soviet Union in 1947, and is still popularly used today?|AK-47
History|Which of the following Assyrian kings did NOT rule during the Neo-Assyrian Empire?|Shamshi-Adad III
History|Former United States Presidents John Adams and Thomas Jefferson died within hours of each other.|True
History|The Tiananmen Square protests of 1989 were held in Hong Kong.|False
History|Which U.S. President was in office when the Gulf War began?|George H. W. Bush
History|On what street did the 1666 Great Fire of London start?|Pudding Lane
History|Which of these countries remained neutral during World War II?|Switzerland
History|What is the name of the Boeing B-29 that dropped the 'Little Boy' atomic bomb on Hiroshima?|Enola Gay
History|Which country did the Eureka Rebellion, an 1856 battle against colonial rule, take place in?|Australia
History|What historical event was Tchaikovsky's 1812 Overture referencing?|The Napoleonic Wars
History|Thomas Crapper was a plumber who invented the flushing toilet.|False
History|How was Socrates executed?|Poison
History|When was the Grand Patriotic War in the USSR concluded?|May 9th, 1945
History|List the following Iranic empires in chronological order:|Median, Achaemenid, Parthian, Sassanid
History|What nationality was sultan Saladin?|Kurdish
History|The USS Missouri (BB-63) last served in the Korean War.|False
History|The Spitfire L.F. Mk IX had what engine?|Merlin 66
History|When did the Battle of the Somme begin?|July 1st, 1916
History|What year was the United States Declaration of Independence signed?|1776
History|What happened on June 6, 1944?|D-Day
History|What was the unofficial name for Germany between 1919 and 1933?|Weimar Republic
History|Which Apollo mission was the last one in NASA's Apollo program?|Apollo 17
History|What year were the Marian Reforms instituted in the Roman Republic?|107 BCE
History|Who was the first president born in the independent United States?|Martin Van Buren
History|The Battle of the Somme in World War I took place in which country?|France
History|When did Lithuania declare independence from the Soviet Union?|March 11th, 1990
History|What was Napoleon Bonaparte's name before he changed it?|Napoleone di Buonaparte
History|What was the name of the spy ring that helped the United States win the Revolutionary War?|Culper Ring
History|Which English king was married to Eleanor of Aquitaine?|Henry II
History|In what year did Kentucky become the 15th state to join the union?|1792
History|When did Jamaica recieve its independence from England? |1962
History|What was the real name of the Albanian national leader Skanderbeg?|Gjergj Kastrioti
History|Theodore Roosevelt Jr. was the only General involved in the initial assault on D-Day.|True
History|In which year did the Tokyo Subway Sarin Attack occur?|1995
History|Which of these 1900s tanks were designed and built BEFORE the others?|Renault FT
History|When was the United States National Security Agency established?|November 4, 1952
History|Which of the following is not in the Indo-European language family?|Finnish
History|In World War II, Hawker Typhoons served in the Pacific theater.|False
History|Joseph Stalin had a criminal past doing what?|Robbing Trains
History|The M41 Walker Bulldog remains in service in some countries to this day.|True
History|Which of the following snipers has the highest amount of confirmed kills?|Simo Häyhä
History|What was the code name for the German invasion of the Soviet Union in WW2?|Operation Barbarossa
History|Kublai Khan is the grandchild of Genghis Khan?|True
History|The Spitfire originated from a racing plane.|True
History|In what year was the M1911 pistol designed?|1911
History|United States President Ronald Reagan was the first president to appoint a woman to the Supreme Court. |True
History|Which American civilization is the source of the belief that the world would end or drastically change on December 21st, 2012?|The Mayans
History|What year did Skoal, a smokeless Tobacco company, release their first line of Pouches, known as "Skoal Bandits"?|1983
History|Which U.S. president was said to have been too honest to lie to his father about chopping down a cherry tree?|George Washington
History|Which infamous European traitor was known as "the last person to enter Parliament with honest intentions"?|Guy Fawkes
History|How old was Adolf Hitler when he died?|56
History|Who was the Prime Minister of the United Kingdom for most of World War II?|Winston Churchill
History|The Herero genocide was perpetrated in Africa by which of the following colonial nations?|Germany
History|The ontological argument for the proof of God's existence is first attributed to whom?|Anselm of Canterbury
History|What was the first sport to have been played on the moon?|Golf
History|Which one of these tanks was designed and operated by the United Kingdom?|Tog II
History|Which Nation DID NOT have a Colony in Modern-day America?|Portugal
History|The Hagia Sophia was commissioned by which emperor of the Byzantine Empire?|Justinian I
History|Which of the following African countries was most successful in resisting colonization?|Ethiopia
History|The United States was a member of the League of Nations.|False
History|Which of the following countries was not an axis power during World War II?| Soviet Union
History|In the year 1900, what were the most popular first names given to boy and girl babies born in the United States?|John and Mary
History|In relation to the British Occupation in Ireland, what does the IRA stand for.|Irish Republican Army
History|Which of the following battles is often considered as marking the beginning of the fall of the Western Roman Empire?|Battle of Adrianople
History|When did the Crisis of the Third Century begin?|235 AD
History|After his loss at the Battle of Waterloo, Napoleon Bonaparte was exiled to which island?|St. Helena
History|What is the oldest US state?|Delaware
History|The fraudelent doctor John R. Brinkley acummulated great fame and wealth in the early 1900s offering what service?|Goat testicles transplant
History|Who rode on horseback to warn the Minutemen that the British were coming during the U.S. Revolutionary War?|Paul Revere
History|Which U.S. President was famously 'attacked' by a swimming rabbit?|Jimmy Carter
History|Which king was killed at the Battle of Bosworth Field in 1485? |Richard III
History|The two atomic bombs dropped on Japan by the United States in August 1945 were named 'Little Man' and 'Fat Boy'.|False
History|What year was Canada founded in?|1867
History|The Cold War ended with Joseph Stalin's death.|False
History|When was the People's Republic of China founded?|October 1, 1949
History|Who is the creator of the soft drink, Dr. Pepper?|Charles Alderton
History|What year is considered to be the year that the British Empire ended?|1997
History|In which year did the First World War begin?|1914
History|Which King of England was faced with the Peasants' Revolt in 1381?|Richard II
History|Spain was formed in 1469 with the marriage of Isabella I of Castile and Ferdinand II of what other Iberian kingdom?|Aragon
History|Which naval battle was considered the turning point of the Pacific Ocean Theater during World War 2?|Battle of Midway
History|What number does the Roman numeral "D" stand for?|500
History|In what year did the North American Video Game Crash occur?|1983
History|What year did the Boxing Day earthquake & tsunami occur in the Indian Ocean?|2004
History|When did Norway become free from Sweden?|1905
History|When was "The Gadget", the first nuclear device to be detonated, tested?|July 16, 1945
History|In the War of the Pacific (1879 - 1883), Bolivia lost its access to the Pacific Ocean after being defeated by which South American country?|Chile
History|King Henry VIII was the second monarch of which European royal house?|Tudor
History|What was the name commonly given to the ancient trade routes that connected the East and West of Eurasia?|Silk Road
History|In what prison was Adolf Hitler held in 1924?|Landsberg Prison
History|Which building was set aflame on August 24th, 1812?|The White House
History|Which German field marshal was known as the `Desert Fox`?|Erwin Rommel
History|Which Roman Emperor led the Roman Empire to reach its maximum territorial extent?|Trajan
History|The French Kingdom helped the United States gain their independence over Great Britain during the Revolutionary War.|True
History|What was the transfer of disease, crops, and people across the Atlantic shortly after the discovery of the Americas called?|The Columbian Exchange
History|"I disapprove of what you say, but I will defend to the death your right to say it" is a quote from French philosopher Voltaire.|False
History|Adolf Hitler was a german soldier in World War I.|True
History|The United States Department of Homeland Security was formed in response to the September 11th attacks.|True
History|In what year did the First World War end?|1918
History|Where and when was the first cardboard box made for industrial use?|England, 1817
History|When was the city of Rome, Italy founded?|753 BCE
History|What was found in 1946 by two young shepards near a cave?|Dead Sea Scrolls
History|How old was Lyndon B. Johnson when he assumed the role of President of the United States?|55
History|What is the name of the US Navy spy ship which was attacked and captured by North Korean forces in 1968?|USS Pueblo
History|Which country had an "Orange Revolution" between 2004 and 2005?|Ukraine
History|How many years did the Hundred Years' War last?|116
History|John Moses Browning, the designer of the M1918 BAR (Browning Automatic Rifle) was a part of which religion?|Mormon
History|On which day did construction start on "The Pentagon", the headquarters for the United States Department of Defense?|September 11, 1941
History|Who was the President of the United States during the signing of the Gadsden Purchase?|Franklin Pierce
History|In what dialogue did Socrates defend himself to the court of Athens? |The Apology
History|The Bohemian Revolt (1618-1620) started after Protestants in Prague did what to their Catholic Lords Regents?|Threw them out of a window
History|Pianist Frédéric Chopin was a composer of which musical era?|Romantic
History|During the Mongolian invasions of Japan, what were the Mongol boats mostly stopped by?|Typhoons
History|During the Roman Triumvirate of 42 BCE, what region of the Roman Republic was given to Lepidus?|Hispania 
History|What was the original name of New York City?|New Amsterdam
History|When did the Battle of the Bulge end?|January 25, 1945
History|Against which country did the Dutch Republic fight the Eighty Years' War?|Spain
History|The collapse of the Soviet Union took place in which year?|1991
History|Who was the first explorer to sail to North America?|Leif Erikson
History|Which of the following Presidents of the United States was assassinated?|William McKinley
History|During which American Civil War campaign did Union troops dig a tunnel beneath Confederate troops to detonate explosives underneath them?|Siege of Petersburg
History|What was the name of the chemical that was dropped on Vietnam during the Vietnam war?|Agent Orange
History|The "Trail of Tears" was a result of which United States President's Indian Removal Policy?|Andrew Jackson
History|Bohdan Khmelnytsky was which of the following?|Leader of the Ukrainian Cossacks
History|In 1967, a magazine published a story about extracting hallucinogenic chemicals from bananas to raise moral questions about banning drugs.|True
History|Who was the only US President to be elected four times?|Franklin Roosevelt
History|In 1961, an American B-52 aircraft crashed and nearly detonated two 4mt nuclear bombs over which US city?|Goldsboro, North Carolina
History|Which Louis was known as 'The Sun King of France'?|Louis XIV
History|When did the British hand-over sovereignty of Hong Kong back to China?|1997
History|The original Roman alphabet lacked the following letters EXCEPT:|X
History|America's Strategic Defense System during the Cold War was nicknamed after this famous movie.|Star Wars
History|The Korean War ended in 1953 without any ceasefire.|False
History|Franz Joseph I was the last emperor of Austria.|False
History|How long did the Warsaw Uprising during World War II last?|63 Days
History|Which of these countries was NOT a part of the Soviet Union?|Afghanistan
History|Which famous world leader is famed for the saying, "Let them eat cake", yet is rumored that he/she never said it at all?|Marie Antoinette
History|Which Nazi General was known as the "Desert Fox"?|Erwin Rommel
History|To what political party did Abraham Lincoln belong when elected POTUS?|Republican
History|What was William Frederick Cody better known as?|Buffalo Bill
History|The seed drill was invented by which British inventor?|Jethro Tull
History|The Panama Canal was finished under the administration of which U.S. president?|Woodrow Wilson
History|What was the total length of the Titanic?|882 ft | 268.8 m
History|What did the abbreviation "RMS" stand for in the RMS Titanic in 1912?|Royal Mail Ship
History|Which of these countries was sea charted in 1500 by the Portuguese maritime explorations?|Brazil
History|What was the last colony the UK ceded marking the end of the British Empire?|Hong Kong
History|What is the name of the ship which was only a few miles away from the RMS Titanic when it struck an iceberg on April 14, 1912?|Californian
History|The Korean War started in what year?|1950
History|Who crowned Charlemagne as Holy Roman Emperor on Christmas Day in 800?|Pope Leo III
History|What is the mnemonic device for remembering the fates of the wives of Henry VIII?|Divorced, Beheaded, Died, Divorced, Beheaded, Survived
History|All of the following are names of the Seven Warring States EXCEPT:|Zhai (翟)
History|When was Google founded?|September 4, 1998
History|Who discovered Penicillin?|Alexander Flemming
History|The United States of America was the first country to launch a man into space.|False
History|The man that shot Alexander Hamilton was named Aaron Burr.|True
History|Who tutored Alexander the Great?|Aristotle
History|The pantheon in Rome was used to worship what god?|Any god they wanted
History|Which of the following was not one of Joseph Stalin's ten blows during World War II?|Vistula-Oder Offensive
History|With which Greek philosopher would you associate the phrase, "I know that I know nothing"?|Socrates
History|In which years did the Battle of Gallipoli take place?|1915 - 1916
History|Who was among those killed in the 2010 Smolensk, Russia plane crash tragedy?|The Polish President
History|Which Greek god was the god of the Sun?|Helios
History|Which of the following Physicists aided Nazi Germany in their production of a nuclear weapon?|Werner Heisenberg
History|In which year did the Invasion of Kuwait by Iraq occur?|1990
History|Which of these positions did the astronomer and physicist Isaac Newton not hold?|Surveyor to the City of London
History|What date was the first flight of the P-40 Warhawk?|October 14 1938
History|Joseph Smith was the founder of what religion?|Mormonism
History|What was Manfred von Richthofen's nickname?|The Red Baron
History|During the Winter War, the amount of Soviet Union soliders that died or went missing was five times more than Finland's.|True
History|Before the American colonies switched to the Gregorian calendar in 1752, on what date did their new year start?|March 25th
History|Which country was Josef Stalin born in?|Georgia
History|On which aircraft carrier did the Doolitte Raid launch from on April 18, 1942 during World War II?|USS Hornet
History|When did Spanish Peninsular War start?|1808
History|When did the French Revolution begin?|1789
History|What is the bloodiest event in United States history, in terms of casualties?|Battle of Antietam
History|Who was the first president of the United States?|George Washington
History|Which historical conflict killed the most people?|World War II
History|From 1940 to 1942, what was the capital-in-exile of Free France ?|Brazzaville
History|Abolitionist John Brown raided the arsenal in which Virginia Town?|Harper's Ferry
History|Which one of these was not a beach landing site in the Invasion of Normandy?|Silver
History|Which of his six wives was Henry VIII married to the longest?|Catherine of Aragon
History|In what year did the Great Northern War, between Russia and Sweden, end?|1721
History|Who was the Prime Minister of Japan when Japan declared war on the US?|Hideki Tojo
History|If you grab the bladed end of a longsword in a specific way, you will not cut yourself.|True
History|According to scholarly estimates, what percentage of the world population at the time died due to Tamerlane's conquests?|5%
History|Which modern day country is the region that was known as Phrygia in ancient times?|Turkey
History|Which famous military commander marched an army, which included war elephants, over the Alps during the Second Punic War?|Hannibal
History|Which of the following countries was the first to send an object into space?|Germany
History|What was the capital of South Vietnam before the Vietnam War?|Saigon
History|How long did World War II last?|6 years
History|What year did Australia become a federation?|1901
History|Which day did World War I begin?|July 28
History|What was the name of one of the surviving palaces of Henry VIII located near Richmond, London?|Hampton Court
History|Japan was part of the Allied Powers during World War I.|True
History|Adolf Hitler was born on which date?|April 20, 1889
History|Sargon II, a king of the Neo-Assyrian Empire, was a direct descendant of Sargon of Akkad.|False
History|In 1939, Britain and France declared war on Germany after it invaded which country?|Poland
History|In what year did the Wall Street Crash take place?|1929
History|The coat of arms of the King of Spain contains the arms from the monarchs of Castille, Leon, Aragon and which other former Iberian kingdom?|Navarre
History|What was the name of the planned invasion of Japan towards the end of World War II?|Operation Downfall
History|Brezhnev was the 5th leader of the USSR.|True
History|Who was the leader of the Communist Party of Yugoslavia ?|Josip Broz Tito
History|How many manned moon landings have there been?|6
History|Which WWII tank ace is credited with having destroyed the most tanks?|Kurt Knispel
History|Who assassinated Archduke Franz Ferdinand?|Gavrilo Princip
History|Adolf Hitler was accepted into the Vienna Academy of Fine Arts.|False
History|Which dictator killed the most people?|Mao Zedong
History|Who was the last Roman emperor in the Year of Four Emperors (69 AD)?|Vespasian
History|In which year was Constantinople conquered by the Turks?|1453
History|Adolf Hitler was tried at the Nuremberg trials.|False
History|How many sonatas did Ludwig van Beethoven write?|32
History|These two countries held a commonwealth from the 16th to 18th century.|Poland and Lithuania
History|What was the aim of the "Umbrella Revolution" in Hong Kong in 2014?|Genuine universal suffrage
History|In what year did Neil Armstrong and Buzz Aldrin land on the moon?|1969
History|Who was the first Chancellor of a united Germany in 1871? |Otto Von Bismark
History|The minigun was designed in 1960 by which manufacturer.|General Electric
History|What did the first vending machines in the early 1880's dispense?|Post cards
History|What year did World War I begin?|1914
History|What year did the Battle of Agincourt take place?|1415
History|The Tsar Bomba, the most powerful nuclear bomb ever tested, had a yield of 50 megatons but theoretically had a maximum yield of how much?|100 Megatons
History|What was the name of the German offensive operation in October 1941 to take Moscow before winter?|Operation Typhoon
History|What were the first states to break away from Yugoslavia?|Slovenia, Croatia
History|What age was King Henry V when he died?|35
History|In what year was the video game company Electronic Arts founded?|1982
History|Who invented the "Flying Shuttle" in 1738; one of the key developments in the industrialization of weaving?|John Kay
History|The Kingdom of Prussia briefly held land in Estonia.|False
General Knowledge|What does VR stand for?|Virtual Reality
General Knowledge|What was the first ever London Underground line to be built?|Metropolitan Line
General Knowledge|What is the first book of the Old Testament?|Genesis
General Knowledge|What is the German word for "spoon"?|Löffel
General Knowledge|Coca-Cola's original colour was green.|False
General Knowledge|The Fields Medal, one of the most sought after awards in mathematics, is awarded every how many years?|4
General Knowledge|What is the weight of a Gold Bar in Fallout: New Vegas?|35 Pounds
General Knowledge|What is the star sign of someone born on Valentines day?|Aquarius
General Knowledge|In "Battle Cats", what is Moneko / MISS Moneko's critical percentage rate?|15%
General Knowledge|What did the Spanish autonomous community of Catalonia ban in 2010, that took effect in 2012?|Bullfighting
General Knowledge|The bikini is named after the "Bikini Atoll", an island where the United States conducted tests on atomic bombs.|True
General Knowledge|Who is the youngest person to recieve a Nobel Prize?|Malala Yousafzai
General Knowledge|What fast food chain has the most locations globally? |Subway
General Knowledge|Which restaurant's mascot is a clown?|McDonald's
General Knowledge|Computer manufacturer Compaq was acquired for $25 billion dollars in 2002 by which company?|Hewlett-Packard
General Knowledge|What alcoholic drink is made from molasses?|Rum
General Knowledge|What does the 'S' stand for in the abbreviation SIM, as in SIM card? |Subscriber
General Knowledge|What are the three starter Pokemon available in Pokemon Black and White?|Snivy, Tepig, Oshawott
General Knowledge|How would one say goodbye in Spanish?|Adiós
General Knowledge|The color orange is named after the fruit.|True
General Knowledge|What is the romanized Chinese word for "airplane"?|Feiji
General Knowledge|Which of the following blood component forms a plug at the site of injuries?|Platelets
General Knowledge|What was the name given to Japanese military dictators who ruled the country through the 12th and 19th Century?|Shogun
General Knowledge|The scientific name for the Southern Lights is Aurora Australis?|True
General Knowledge|Which of the following card games revolves around numbers and basic math?|Uno
General Knowledge|What kind of aircraft was developed by Igor Sikorsky in the United States in 1942?|Helicopter
General Knowledge|What direction does the Statue of Liberty face?|Southeast
General Knowledge|The term "Spam" came before the food product "Spam".|False
General Knowledge|A statue of Charles Darwin sits in what London museum?|Natural History Museum
General Knowledge|"Typewriter" is the longest word that can be typed using only the first row on a QWERTY keyboard.|True
General Knowledge|"Buffalo buffalo Buffalo buffalo buffalo buffalo Buffalo buffalo." is a grammatically correct sentence.|True
General Knowledge|What is the defining characteristic of someone who is described as hirsute?|Hairy
General Knowledge|Instant mashed potatoes were invented by Canadian Edward Asselbergs in 1962.|True
General Knowledge|What is the currency of Poland?|Złoty
General Knowledge|In 2013 how much money was lost by Nigerian scams?|$12.7 Billion
General Knowledge|Albert Einstein had trouble with mathematics when he was in school.|False
General Knowledge|On average, Americans consume 100 pounds of what per second?|Chocolate
General Knowledge|Who founded the Khan Academy?|Sal Khan
General Knowledge|In the Morse code, which letter is indicated by 3 dots? |S
General Knowledge|Amsterdam Centraal station is twinned with what station?|London Liverpool Street
General Knowledge|Earl Grey tea is black tea flavoured with what?|Bergamot oil
General Knowledge|The word "aprosexia" means which of the following?|The inability to concentrate on anything
General Knowledge|In which fast food chain can you order a Jamocha Shake?|Arby's
General Knowledge|In a standard set of playing cards, which is the only king without a moustache?|Hearts
General Knowledge|According to the nursery rhyme, what fruit did Little Jack Horner pull out of his Christmas pie?|Plum
General Knowledge|Sitting for more than three hours a day can cut two years off a person's life expectancy.|True
General Knowledge|Directly between the Washington Monument and the Reflecting Pool is a memorial to which war?|World War II
General Knowledge|What was the nickname given to the Hughes H-4 Hercules, a heavy transport flying boat which achieved flight in 1947?|Spruce Goose
General Knowledge|The drug cartel run by Pablo Escobar originated in which South American city?|Medellín
General Knowledge|The commercial UK channel ITV stands for "International Television".|False
General Knowledge|Which slogan did the fast food company, McDonald's, use before their "I'm Lovin' It" slogan?|We Love to See You Smile
General Knowledge|Area 51 is located in which US state?|Nevada
General Knowledge|What does the "G" mean in "G-Man"?|Government
General Knowledge|The term "scientist" was coined in which year?|1833
General Knowledge|Which product did Nokia, the telecommunications company, originally sell?|Paper
General Knowledge|Which country has the union jack in its flag?|New Zealand
General Knowledge|What is the Italian word for "tomato"?|Pomodoro
General Knowledge|Stagecoach owned "South West Trains" before losing the rights to FirstGroup and MTR in March of 2017.|True
General Knowledge|Haggis is traditionally ate on Burns Night.|True
General Knowledge|Named after the mallow flower, mauve is a shade of what?|Purple
General Knowledge|Waluigi's first appearance was in what game?|Mario Tennis 64 (N64)
General Knowledge|What company developed the vocaloid Hatsune Miku?|Crypton Future Media
General Knowledge|Chartreuse is a color between yellow and what?|Green
General Knowledge|Dihydrogen Monoxide was banned due to health risks after being discovered in 1983 inside swimming pools and drinking water.|False
General Knowledge|The US emergency hotline is 911 because of the September 11th terrorist attacks.|False
General Knowledge|What is the romanized Japanese word for "university"?|Daigaku
General Knowledge|You are allowed to sell your soul on eBay.|False
General Knowledge|What was Bank of America originally established as?|Bank of Italy
General Knowledge|Which American president appears on a one dollar bill?|George Washington
General Knowledge|What is on display in the Madame Tussaud's museum in London?|Wax sculptures
General Knowledge|The “fairy” type made it’s debut in which generation of the Pokemon core series games?|6th
General Knowledge|When was Nintendo founded?|September 23rd, 1889
General Knowledge|Sciophobia is the fear of what?|Shadows
General Knowledge|What is the French word for "fish"?|poisson
General Knowledge|Which candy is NOT made by Mars?|Almond Joy
General Knowledge|Which country drives on the left side of the road?|Japan
General Knowledge|What is the romanized Korean word for "heart"?|Simjang
General Knowledge|It is automatically considered entrapment in the United States if the police sell you illegal substances without revealing themselves.|False
General Knowledge|What is Cynophobia the fear of?|Dogs
General Knowledge|On average, at least 1 person is killed by a drunk driver in the United States every hour.|True
General Knowledge|Which of the following is an existing family in "The Sims"?|The Goth Family
General Knowledge|What is the full title of the Prime Minister of the UK?|First Lord of the Treasury
General Knowledge|Originally another word for poppy, coquelicot is a shade of what?|Red
General Knowledge|A pasodoble is a type of Italian pasta sauce.|False
General Knowledge|In what year was McDonald's founded?|1955
General Knowledge|Which of the following Ivy League universities has its official motto in Hebrew as well as in Latin?|Yale University
General Knowledge|"Santa Claus" is a variety of melon.|True
General Knowledge|Which of these banks are NOT authorized to issue currency notes in Hong Kong?|OCBC
General Knowledge|How many colors are there in a rainbow?|7
General Knowledge|Popcorn was invented in 1871 by Frederick W. Rueckheim in the USA where he sold the snack on the streets of Chicago.|False
General Knowledge|NCIS stands for "Navy Corps Investigative Service"|False
General Knowledge|Which American-owned brewery led the country in sales by volume in 2015?|D. G. Yuengling and Son, Inc
General Knowledge|According to Fair Works Australia, how long do you have to work to get Long Service Leave?|7 years
General Knowledge|Dihydrogen Monoxide is a dangerous chemical.|False
General Knowledge|Before the 19th Century, the "Living Room" was originally called the...|Parlor
General Knowledge|Jingle Bells was originally meant for Thanksgiving|True
General Knowledge|What is "dabbing"?|A dance
General Knowledge|Where is the train station "Llanfair­pwllgwyngyll­gogery­chwyrn­drobwll­llan­tysilio­gogo­goch"?|Wales
General Knowledge|The words "bungalow" and "shampoo" originate from the languages of which country?|India
General Knowledge|Who is depicted on the US hundred dollar bill?|Benjamin Franklin
General Knowledge|What is the French word for "hat"?|Chapeau
General Knowledge|Who is the author of Jurrasic Park?|Michael Crichton
General Knowledge|Ping-Pong originated in England|True
General Knowledge|Which of the following buildings is example of a structure primarily built in the Art Deco architectural style?|Niagara Mohawk Building
General Knowledge|Virgin Trains, Virgin Atlantic and Virgin Racing, are all companies owned by which famous entrepreneur?   |Richard Branson
General Knowledge|What is the Portuguese word for "Brazil"?|Brasil
General Knowledge|What is the Spanish word for "donkey"?|Burro
General Knowledge|What is real haggis made of?|Sheep's Heart, Liver and Lungs
General Knowledge|What is the name of the company in Lethal Company?|The Company
General Knowledge|Which of the following chemicals are found in eggplant seeds?|Nicotine
General Knowledge|Apple co-founder Steve Jobs died from complications of which form of cancer?|Pancreatic
General Knowledge|The Quadrangularis Reversum is best described as which of the following?|A percussion instrument
General Knowledge|Five dollars is worth how many nickles?|100
General Knowledge|Pluto is a planet.|False
General Knowledge|Electronic music producer Kygo's popularity skyrocketed after a certain remix. Which song did he remix?|Ed Sheeran - I See Fire
General Knowledge|What type of animal was Harambe, who was shot after a child fell into it's enclosure at the Cincinnati Zoo?|Gorilla
General Knowledge|Foie gras is a French delicacy typically made from what part of a duck or goose?|Liver
General Knowledge|Located in Chile, El Teniente is the world's largest underground mine for what metal?|Copper
General Knowledge|In 2010, Twitter and the United States Library of Congress partnered together to archive every tweet by American citizens.|True
General Knowledge|In Half-Life, what is the name of the alien that attaches to heads?|Headcrab
General Knowledge|You can legally drink alcohol while driving in Mississippi.|True
General Knowledge|An eggplant is a vegetable.|False
General Knowledge|Fast food restaurant chains Carl's Jr. and Hardee's are owned by the same company.|True
General Knowledge|What is the name of Poland in Polish?|Polska
General Knowledge|In a 1994 CBS interview, Microsoft co-founder Bill Gates performed what unusual trick on camera?|Jumping over an office chair
General Knowledge|Which iconic Disneyland attraction was closed in 2017 to be remodeled as a "Guardians of the Galaxy" themed ride?|Twilight Zone Tower of Terror
General Knowledge|Scotland voted to become an independent country during the referendum from September 2014.|False
General Knowledge|How many notes are there on a standard grand piano?|88
General Knowledge|Who invented the first ever chocolate bar, in 1847?|Joseph Fry
General Knowledge|In "Resident Evil 3", how many inventory slots does Jill have at the start of the game?|10
General Knowledge|What is the name of the Jewish New Year?|Rosh Hashanah
General Knowledge|According to Sherlock Holmes, "If you eliminate the impossible, whatever remains, however improbable, must be the..."|Truth
General Knowledge|In flight systems, what does the initialism "TCAS" stand for?|Traffic Collision Avoidance System
General Knowledge|The Canadian $1 coin is colloquially known as a what?|Loonie
General Knowledge|The sum of all the numbers on a roulette wheel is 666.|True
General Knowledge|Who invented Pastafarianism?|Bobby Henderson
General Knowledge|If you are caught "Goldbricking", what are you doing wrong?|Slacking
General Knowledge|If someone said "you are olid", what would they mean?|You smell extremely unpleasant.
General Knowledge|Which sign of the zodiac comes between Virgo and Scorpio?|Libra
General Knowledge|What is a dead mall?|A mall with high vacancy rates or low consumer foot traffic
General Knowledge|What is the official language of Brazil?|Portugese
General Knowledge|Which of the General Mills Corporation's monster cereals was the last to be released in the 1970's?|Fruit Brute
General Knowledge|In aerodynamics, which force pushes an object upwards?|Lift
General Knowledge|The Mexican Beer "Corona" is what type of beer?|Pale Lager
General Knowledge|Rolex is a company that specializes in what type of product?|Watches
General Knowledge|The architect known as Le Corbusier was an important figure in what style of architecture?|Modernism
General Knowledge|The pickled gherkin was first added to hamburgers because a US health law required all fast-food to include a source of Vitamin C.|False
General Knowledge|What is the name of NASA’s most famous space telescope?|Hubble Space Telescope
General Knowledge|How many calories are in a 355 ml can of Pepsi Cola?|150
General Knowledge|The Flag of the European Union has how many stars on it?|12
General Knowledge|On a dartboard, what number is directly opposite No. 1?|19
General Knowledge|The mitochondria is the powerhouse of the cell.|True
General Knowledge|What is the largest organ of the human body?|Skin
General Knowledge|Which of these words means "idle spectator"?|Gongoozler
General Knowledge|Bulls are attracted to the color red.|False
General Knowledge|Which logical fallacy means to attack the character of your opponent rather than their arguments?|Ad hominem
General Knowledge|What type of dog is 'Handsome Dan', the mascot of Yale University?|Bulldog
General Knowledge|Which film star has his statue in Leicester Square?|Charlie Chaplin
General Knowledge|If you planted the seeds of Quercus robur, what would grow?|Trees
General Knowledge|"Ananas" is mostly used as the word for Pineapple in other languages.|True
General Knowledge|What do the letters of the fast food chain KFC stand for?|Kentucky Fried Chicken
General Knowledge|Which musician has collaborated with American producer Porter Robinson and released the 2016 song "Shelter"?|Madeon
General Knowledge|What is the romanized Russian word for "winter"?|Zima
General Knowledge|Earth is located in which galaxy?|The Milky Way Galaxy
General Knowledge|What does a milliner make and sell?|Hats
General Knowledge|What is the name of the popular animatronic singing fish prop, singing such hits such as "Don't Worry, Be Happy"?|Big Mouth Billy Bass
General Knowledge|What word represents the letter 'T' in the NATO phonetic alphabet?|Tango
General Knowledge|Which of these companies does NOT manufacture automobiles?|Ducati
General Knowledge|There are 86400 seconds in a day.|True
General Knowledge|Which Italian automobile manufacturer gained majority control of U.S. automobile manufacturer Chrysler in 2011?|Fiat
General Knowledge|Which one of the following rhythm games was made by Harmonix?|Rock Band
General Knowledge|What is the last letter of the Greek alphabet?|Omega
General Knowledge|Which country, not including Japan, has the most people of japanese decent?|Brazil
General Knowledge|Red Vines is a brand of what type of candy?|Licorice
General Knowledge|A scientific study on peanuts in bars found traces of over 100 unique specimens of urine.|False
General Knowledge|What does the Latin phrase "Veni, vidi, vici" translate into English?|I came, I saw, I conquered
General Knowledge|The average woman is 5 inches / 13 centimeters shorter than the average man.|True
General Knowledge|What country saw a world record 315 million voters turn out for elections on May 20, 1991?|India
General Knowledge|What airline was the owner of the plane that crashed off the coast of Nova Scotia in 1998?|Swiss Air
General Knowledge|The French word for "glass" is "glace".|False
General Knowledge|What year was Queen Elizabeth II born?|1926
General Knowledge|According to the 2014-2015 Australian Bureau of Statistics, what percentage of Australians were born overseas?|28%
General Knowledge|In Scandinavian languages, the letter Å means river.|True
General Knowledge|"27 Club" is a term used to refer to a list of famous actors, musicians, and artists who died at the age of 27.|True
General Knowledge|According to the BBPA, what is the most common pub name in the UK?|Red Lion
General Knowledge|What is the name given to Indian food cooked over charcoal in a clay oven?|Tandoori
General Knowledge|Which of these cities does NOT have a United States Minting location?|St. Louis, MO
General Knowledge|How long did it take the motorized window washers of the original World Trade Center to clean the entire exterior of the building?|1 Month
General Knowledge|Where does water from Poland Spring water bottles come from?|Maine, United States
General Knowledge|What is the profession of Elon Musk's mom, Maye Musk?|Model
General Knowledge|What do the letters in the GMT time zone stand for?|Greenwich Mean Time
General Knowledge|The Swedish word "Grunka" means what in English?|Thing
General Knowledge|Which of the following  British Monarchs never appeared on a circulated pound sterling coin?|Edward VIII
General Knowledge|In the MMO RPG "Realm of the Mad God", what dungeon is widely considered to be the most difficult?|The Shatter's
General Knowledge|French is an official language in Canada.|True
General Knowledge|What is the unit of currency in Laos?|Kip
General Knowledge|What is the world's most expensive spice by weight?|Saffron
General Knowledge|The new One World Trade Center in Manhattan, New York City was designed by which architect? |David Childs
General Knowledge|According to the United States' CDC, one in how many Americans die annually due to smoking?|Five
General Knowledge|The website "Shut Up & Sit Down" reviews which form of media?|Board Games
General Knowledge|What is the famous Papa John's last name?|Schnatter
General Knowledge|Gumbo is a stew that originated in Louisiana.|True
General Knowledge|What is the airspeed velocity of an unladen swallow?|24 MPH
General Knowledge|A doctor with a PhD is a doctor of what?|Philosophy
General Knowledge|The word "astasia" means which of the following?|The inability to stand up
General Knowledge|Which country has the most Trappist breweries?|Belgium
General Knowledge|Spoon theory is a theory, utilizing "Spoons" as a metaphor for energy they can use in a day.|True
General Knowledge|Adolf Hitler was born in Australia. |False
General Knowledge|When one is "envious", they are said to be what color?|Green
General Knowledge|Video streaming website YouTube was purchased in it's entirety by Facebook for US$1.65 billion in stock.|False
General Knowledge|What is the most commonly used noun in the English language?|Time
General Knowledge|In the video-game franchise Kingdom Hearts, the main protagonist, carries a weapon with what shape?|Key
General Knowledge|What alcoholic drink is mainly made from juniper berries?|Gin
General Knowledge|When you cry in space, your tears stick to your face.|True
General Knowledge|Vietnam's national flag is a red star in front of a yellow background.|False
General Knowledge|What nuts are used in the production of marzipan?|Almonds
General Knowledge|The Great Wall of China is visible from the moon.|False
General Knowledge|Which river flows through the Scottish city of Glasgow?|Clyde
General Knowledge|Scotch whisky and Drambuie make up which cocktail?|Rusty Nail
General Knowledge|What was the third country to have a McDonald's restaurant?|Costa Rica
General Knowledge|What is a "dakimakura"?|A body pillow
General Knowledge|Which of these is the name of a Japanese system of alternative medicine, literally meaning "finger pressure"?|Shiatsu
General Knowledge|Which of the following is not another name for the eggplant?|Potimarron
General Knowledge|Where is Apple Inc. headquartered?|Cupertino, California
General Knowledge|The National Animal of Scotland is the Unicorn.|True
General Knowledge|The vapor produced by e-cigarettes is actually water.|False
General Knowledge|Who is a co-founder of music streaming service Spotify?|Daniel Ek
General Knowledge|What character was once considered to be the 27th letter of the alphabet?|Ampersand
General Knowledge|Disney's Haunted Mansion is home to a trio of Hitchhiking Ghosts. Which of these is NOT one of them?|Harry
General Knowledge|What is the Swedish word for "window"?|Fönster
General Knowledge|De Eemhof, Port Zelande and Het Heijderbos are holiday villas owned by what company?|Center Parcs
General Knowledge|Which company did Valve cooperate with in the creation of the Vive?|HTC
General Knowledge|Virtual reality company Oculus VR lost which of it's co-founders in a freak car accident in 2013?|Andrew Scott Reisse
General Knowledge|What is the name of the very first video uploaded to YouTube?|Me at the zoo
General Knowledge|Which American manufactured submachine gun was informally known by the American soldiers that used it as "Grease Gun"?|M3
General Knowledge|Frank Lloyd Wright was the architect behind what famous building?|The Guggenheim
General Knowledge|The Sun rises from the North.|False
General Knowledge|Which of these Marvel games was released on the Playstation 2?|Spider-Man 2
General Knowledge|When someone is inexperienced they are said to be what color?|Green
General Knowledge| Which chemical element, number 11 in the Periodic table, has the symbol Na?|Sodium
General Knowledge|The word "abulia" means which of the following?|The inability to make decisions
General Knowledge|Which of the following presidents is not on Mount Rushmore?|John F. Kennedy
General Knowledge|How many furlongs are there in a mile?|Eight
General Knowledge|What machine element is located in the center of fidget spinners?|Bearings
General Knowledge|What year was the RoboSapien toy robot released?|2004
General Knowledge|In DC comics where does the Green Arrow (Oliver Queen) live?|Star City
General Knowledge|The Lego Group was founded in 1932.|True
General Knowledge|What was the original name of the search engine "Google"?|BackRub
General Knowledge|Romanian belongs to the Romance language family, shared with French, Spanish, Portuguese and Italian. |True
General Knowledge|The New York Times slogan is, “All the News That’s Fit to…”|Print
General Knowledge|When was the Playstation 3 released?|November 11, 2006
General Knowledge|After how many years would you celebrate your crystal anniversary?|15
General Knowledge|What does a funambulist walk on?|A Tight Rope
General Knowledge|What name represents the letter "M" in the NATO phonetic alphabet?|Mike
General Knowledge|Cucumbers are usually more than 90% water.|True
General Knowledge|Which one of these is not a typical European sword design?|Scimitar
General Knowledge|What was the name of the WWF professional wrestling tag team made up of the wrestlers Ax and Smash?|Demolition
General Knowledge|What are Panama hats made out of?|Straw
General Knowledge|How tall is the Burj Khalifa?|2,722 ft
General Knowledge|What is the closest planet to our solar system's sun?|Mercury
General Knowledge|Which item of clothing is usually worn by a Scotsman at a wedding?|Kilt
General Knowledge|Furby was released in 1998.|True
General Knowledge|Which of the following is not the host of a program on NPR?|Ben Shapiro
General Knowledge|What year was Apple Inc. founded?|1976
General Knowledge|What geometric shape is generally used for stop signs?|Octagon
General Knowledge|What is the Zodiac symbol for Gemini?|Twins
General Knowledge|"Number 16 Bus Shelter" was a child's name that was approved by the New Zealand government.|True
General Knowledge|What was Mountain Dew's original slogan?|Yahoo! Mountain Dew... It'll tickle your innards!
General Knowledge|What is the shape of the toy invented by Hungarian professor Ernő Rubik?|Cube
General Knowledge|Which language is NOT Indo-European?|Hungarian
General Knowledge|What is the highest number of Michelin stars a restaurant can receive?|Three
General Knowledge|Which sign of the zodiac is represented by the Crab?|Cancer
General Knowledge|One of Donald Trump's 2016 Presidential Campaign promises was to build a border wall between the United States and Mexico.|True
General Knowledge|Which of the following is not an Ivy League University?|Stanford
General Knowledge|This field is sometimes known as “The Dismal Science.”|Economics
General Knowledge|When did the website "Facebook" launch?|2004
General Knowledge|Nutella is produced by the German company Ferrero.|False
General Knowledge|The word "news" originates from the first letters of the 4 main directions on a compass (North, East, West, South).|False
General Knowledge|What zodiac sign is represented by a pair of scales?|Libra
General Knowledge|Terry Gilliam was an animator that worked with which British comedy group?|Monty Python
General Knowledge|Which of these colours is NOT featured in the logo for Google?|Pink
General Knowledge|Nephelococcygia is the practice of doing what?|Finding shapes in clouds
General Knowledge|Which one of these Swedish companies was founded in 1943?|IKEA
General Knowledge|The likeness of which president is featured on the rare $2 bill of USA currency?|Thomas Jefferson
General Knowledge|Linus Pauling, one of the only winners of multiple Nobel Prizes, earned his Nobel Prizes in Chemistry and what?|Peace
General Knowledge|The French word to travel is "Travail"|False
General Knowledge|What is Tasmania?|An Australian State
General Knowledge|Francis Bacon died from a fatal case of pneumonia while he was attempting to preserve meat by stuffing a chicken with snow.|True
General Knowledge|Which essential condiment is also known as Japanese horseradish?|Wasabi 
General Knowledge|This is the correct spelling of "Supercalifragilisticexpialidocious".|True
General Knowledge|In past times, what would a gentleman keep in his fob pocket?|Watch
General Knowledge|What is the nickname of the US state of California?|Golden State
General Knowledge|Which of the following languages does NOT use gender as a part of its grammar?|Turkish
General Knowledge|Kissing someone for one minute burns about 2 calories.|True
General Knowledge|In ancient Greece, if your job were a "hippeus" which of these would you own?|Horse
General Knowledge|What is a Burgee?|A flag
General Knowledge|When someone is cowardly, they are said to have what color belly?|Yellow
General Knowledge|Which of the following carbonated soft drinks were introduced first?|Dr. Pepper
General Knowledge|Whose greyscale face is on the kappa emoticon on Twitch?|Josh DeSeno
General Knowledge|When was Hubba Bubba first introduced?|1979
General Knowledge|When was the Declaration of Independence approved by the Second Continental Congress?|July 4, 1776
General Knowledge|Who is the founder of "The Lego Group"?|Ole Kirk Christiansen
General Knowledge|What was the destination of the missing flight MH370?|Beijing
General Knowledge|Which church's interior in Vatican City was designed in 1503 by renaissance architects including Bramante, Michelangelo and Bernini?|St. Peter's Basilica
General Knowledge|Which best selling toy of 1983 caused hysteria, resulting in riots breaking out in stores?|Cabbage Patch Kids
General Knowledge|Which of the following is the IATA code for Manchester Airport?|MAN
General Knowledge|When was "YouTube" founded?|February 14, 2005
General Knowledge|What was the soft drink Pepsi originally introduced as?|Brad's Drink
General Knowledge|Slovakia is a member of European Union-|True
General Knowledge|What is the romanized Arabic word for "moon"?|Qamar
General Knowledge|The British organisation CAMRA stands for The Campaign for Real Ale.|True
General Knowledge|Where did the pineapple plant originate?|South America
Art|What nationality was the surrealist painter Salvador Dali?|Spanish
Art|Which Van Gogh painting depicts the view from his asylum in Saint-Rémy-de-Provence in southern France?|The Starry Night
Art|Which artist’s studio was known as 'The Factory'?|Andy Warhol
Art|What is the name of the Japanese art of folding paper into decorative shapes and figures?|Origami
Art|Leonardo da Vinci's Mona Lisa does not have eyebrows.|True
Art|What French sculptor designed the Statue of Liberty? |Frédéric Auguste Bartholdi
Art|Which artist's style was to use small different colored dots to create a picture?|Georges Seurat
Art|Which painting was not made by Vincent Van Gogh?|The Ninth Wave
Art|How many paint and pastel versions of "The Scream" is Norwegian painter Edvard Munch believed to have produced?|4
Art|Painter Piet Mondrian (1872 - 1944) was a part of what movement?|Neoplasticism
Art|Who painted the Sistine Chapel?|Michelangelo
Art|What year did Albrecht Dürer create the painting "The Young Hare"?|1502
Art|Who painted the biblical fresco The Creation of Adam?|Michelangelo
Art|The Statue of Liberty's official name is “Liberty Enlightening the World”.|True
Art|What year was the Mona Lisa finished?|1504
Art|Who painted "The Starry Night"?|Vincent van Gogh
Art|Who painted the epic mural Guernica?|Pablo Picasso
Art|Vincent van Gogh cut off one of his ears.|True
Art|Which time signature is commonly known as “Cut Time?”|2/2
Art|Who painted the Mona Lisa?|Leonardo da Vinci 
Art|Which one of these paintings is not by Caspar David Friedrich?|The Black Sea
Art|Leonardo da Vinci was not the creator of the Mona Lisa.|False
Art|Who sculpted the statue of David?|Michelangelo
Art|Venus of Willendorf is one of the earliest works of art, depicting the planets Mars and Venus embrace in the heavens at night.|False
Art|Who designed the Chupa Chups logo?|Salvador Dali
Art|Which of these are the name of a famous marker brand?|Copic
Art|Who painted "Swans Reflecting Elephants", "Sleep", and "The Persistence of Memory"?|Salvador Dali
Art|Which of these is not an additional variation of the color purple?|Kobicha
Art|Who painted The Starry Night?|Vincent van Gogh
Art|The painting "The Starry Night" by Vincent van Gogh was part of which art movement?|Post-Impressionism
Art|Albrecht Dürer's birthplace and place of death were in...|Nürnberg
Art|Pablo Picasso is one of the founding fathers of "Cubism."|True
Animals|Which class of animals are newts members of?|Amphibian
Animals|What is the scientific name for the "Polar Bear"?|Ursus Maritimus
Animals|What dog breed is one of the oldest breeds of dog and has flourished since before 400 BCE.|Pugs
Animals|Which species of Brown Bear is not extinct?|Syrian Brown Bear
Animals|You can tell the age of a ladybird by counting the spots on his back.|False
Animals|An octopus can fit through any hole larger than its beak.|True
Animals|Cashmere is the wool from which kind of animal?|Goat
Animals|What is the name for a male bee that comes from an unfertilized egg?|Drone
Animals|What is the fastest animal?|Peregrine Falcon
Animals|What is the scientific name of the cheetah?|Acinonyx jubatus
Animals|For what reason would a spotted hyena "laugh"?|Nervousness
Animals|What is the collective noun for bears?|Sloth
Animals|What color/colour is a polar bear's skin?|Black
Animals|The Killer Whale is considered a type of dolphin.|True
Animals|Unlike on most salamanders, this part of a newt is flat?|Tail
Animals|In 2016, the IUCN reclassified the status of Giant Pandas from endangered to vulnerable.|True
Animals|The average lifespan of a wildcat is only around 5-6 years. |False
Animals|Which of these animals is NOT a lizard?|Tuatara
Animals|Finnish Lapphund dogs were used for herding reindeer.|True
Animals|What is the collective noun for rats?|Mischief
Animals|What is the common term for bovine spongiform encephalopathy (BSE)?|Mad Cow disease
Animals|What scientific family does the Aardwolf belong to?|Hyaenidae
Animals|"Decapods" are an order of ten-footed crustaceans.  Which of these are NOT decapods?|Krill
Animals|What is the world's longest venomous snake?|King Cobra
Animals|What is the name of the copper-rich protein that creates the blue blood in the Antarctic octopus?|Hemocyanin
Animals|What is the fastest  land animal?|Cheetah
Animals|Which of the following is another name for the "Poecilotheria Metallica Tarantula"?|Gooty
Animals|How many known living species of hyenas are there?|4
Animals|What type of animal is a natterjack?|Toad
Animals|By definition, where does an abyssopelagic animal live?|At the bottom of the ocean
Animals|The Kākāpō is a large, flightless, nocturnal parrot native to which country?|New Zealand
Animals|The Axolotl is an amphibian that can spend its whole life in a larval state.|True
Animals|A flock of crows is known as a homicide.|False
Animals|A caterpillar has more muscles than humans do.|True
Animals|A bear does NOT defecate during hibernation. |True
Animals|A slug’s blood is green.|True
Animals|The freshwater amphibian, the Axolotl, can regrow it's limbs.|True
Animals|The internet browser Firefox is named after the Red Panda.|True
Animals|What is the name of a rabbit's abode?|Burrow
Animals|A carnivorous animal eats flesh, what does a nucivorous animal eat?|Nuts
Animals|Rabbits can't vomit.|True
Animals|What scientific suborder does the family Hyaenidae belong to?|Feliformia
Animals|Hippocampus is the Latin name for which marine creature?|Seahorse
Animals|What bird is born with claws on its wing digits?|Hoatzin
Animals|To which biological phylum do all mammals, birds and reptiles belong?|Chordata
Animals|The Ceratosaurus, a dinosaur known for having a horn on the top of its nose, is also known to be a decendent of the Tyrannosaurus Rex.|False
Animals|Which of these species is not extinct?|Komodo dragon
Animals|Tigers have one colour of skin despite the stripey fur.|False
Animals|Cats have whiskers under their legs.|True
Animals|What is Grumpy Cat's real name?|Tardar Sauce
Animals|Which species is a "mountain chicken"?|Frog
Animals|What is the Gray Wolf's scientific name?|Canis Lupus
Animals|What does "hippopotamus" mean and in what langauge?|River Horse (Greek)
Animals|What is the collective noun for vultures?|Wake
Animals|What is the collective noun for a group of crows?|Murder
Animals|The Platypus is a mammal.|True
Animals|How many legs do butterflies have?|6
Animals|What do you call a baby bat?|Pup
Animals|What is the name of the family that the domestic cat is a member of?|Felidae
Animals|What was the name of the Ethiopian Wolf before they knew it was related to wolves?|Simien Jackel
Animals|What type of creature is a Bonobo?|Ape
Animals|What is the scientific name for modern day humans?|Homo Sapiens
Animals|What is the scientific name of the Common Chimpanzee?|Pan troglodytes
Animals|What are rhino's horn made of?|Keratin
Animals|How many teeth does an adult rabbit have?|28
Animals|Kangaroos keep food in their pouches next to their children.|False
Animals|What is the scientific name of the Budgerigar?|Melopsittacus undulatus
Animals|Which of these is a colony of polyps and not a jellyfish?|Portuguese Man-of-War
Animals|"Kamea," the Gilbertese Islander word for dog, is derived from the English phrase "Come here!"|True
Animals|Rabbits can see what's behind themselves without turning their heads.|True
Animals|Which animal was part of an Russian domestication experiment in 1959?|Foxes
Animals|The dish Fugu, is made from what family of fish?|Pufferfish
Animals|Rabbits are carnivores.|False
Animals|What colour is the female blackbird?|Brown
Animals|The now extinct species "Thylacine" was native to where?|Tasmania, Australia
Animals|Rabbits are rodents.|False
Celebrities|What year was O.J. Simpson aquitted of his murder charges?|1995
Celebrities|Nikki Diamond portrayed which Gladiator in the 1992 TV show "Gladiators"?|Scorpio
Celebrities|What was James Coburn's last film role before his death?|American Gun
Celebrities|Which school in Surrey, England did Steve Backshall attend?|Collingwood College
Celebrities|Which celebrity announced his presidency in 2015?|Kanye West
Celebrities|Who was Donald Trump's first wife?|Ivana Zelníčková
Celebrities|Gabe Newell was born in which year?|1962 
Celebrities|Paul McCartney has always used his middle name. What is his real first name? |James
Celebrities|What caused Jake Lloyd who played Anakin Skywalker in The Phantom Menace to quit acting?|Bullying
Celebrities|Who is "James Rolfe" better known as?|The Angry Video Game Nerd
Celebrities|In 2014, this new top 100 rapper who featured in "Computers" and "Body Dance" was arrested in a NYPD sting for murder.|Bobby Shmurda
Celebrities|What was the cause of death for Freddie Mercury?|Pneumonia
Celebrities|Billy Herrington is from which US state?|New York
Celebrities|Donald J. Trump's Middle Name is...|John
Celebrities|What year did radio icon Howard Stern start a job at radio station WNBC?|1982
Celebrities|When was Elvis Presley born?|January 8, 1935
Celebrities|Michael Jackson had a pet python named ‘Crusher’.|True
Celebrities|Which American celebrity died in 1977 playing golf in La Moraleja, Madrid?|Bing Crosby
Celebrities|By which name is Ramon Estevez better known as?|Martin Sheen
Celebrities|Which famous New York Yankees outfielder did Marilyn Monroe marry?|Joe DiMaggio
Celebrities|The eccentric natural philosopher Tycho Brahe kept what as a pet?|Moose
Celebrities|Tupac Shakur died due to complications from being stabbed in 1996.|False
Celebrities|Before voicing Pearl in Steven Universe, Deedee Magno Hall was part of which American band?|The Party
Celebrities|In which of these TV shows did the chef Gordon Ramsay not appear?|Auction Hunters
Celebrities|How much weight did Chris Pratt lose for his role as Star-Lord in "Guardians of the Galaxy"?|60 lbs
Celebrities|What does film maker Dan Bell typically focus his films on?|Abandoned Buildings and Dead Malls
Celebrities|Which of these celebrities was not a member of the Jackson 5?|Bo Jackson
Celebrities|Marilyn Monroe was born on July 1, 1926.|False
Celebrities|Who out of these actresses is the youngest?|Kiernan Shipka
Celebrities|What is Doug Walker's YouTube name?|The Nostalgia Critic
Celebrities|In what year did "Bob Ross" die?|1995
Celebrities|Which actress's real name was Frances Ethel Gumm?|Judy Garland
Celebrities|Which of these people is NOT a part of the Internet comedy group Mega64?|Jon Jafari
Celebrities|How tall is Tom Cruise?|5′ 7″
Celebrities|Neil Hamburger is played by which comedian?|Gregg Turkington
Celebrities|Gwyneth Paltrow has a daughter named...?|Apple
Celebrities|Where was Kanye West born?|Atlanta, Georgia
Celebrities|Which actress married Michael Douglas in 2000?|Catherine Zeta-Jones
Celebrities|Aubrey Graham is better known as|Drake
Celebrities|If he was still alive, in what year would Elvis Presley celebrate his 100th birthday?|2035
Celebrities|What is generally considered to be William Shakespeare's birth date?|April 23rd, 1564
Celebrities|By what name is Carlos Estevez better known? |Charlie Sheen
Celebrities|Which television show has Dan Gheesling been on?|Big Brother
Celebrities|Which radio personality calls himself "The King of All Media"?|Howard Stern
Celebrities|What was the cause of Marilyn Monroes suicide?|Drug Overdose
Celebrities|How old was Muhammad Ali when he died?|74
Celebrities|Lady Gaga's real name is Stefani Joanne Angelina Germanotta.|True
Celebrities|What was the religion of famous singer "Freddie Mercury"?|Zoroastrianism
Celebrities|What is the real name of "moot", founder of the imageboard 4chan?|Christopher Poole
Celebrities|Named after a character he played in a 1969 film, what is the name of the ski resort in Utah that Robert Redford bought in 1968?|Sundance
Celebrities|Which TV chef wrote an autobiography titled "Humble Pie"?|Gordon Ramsay
Celebrities|What was the name of Marilyn Monroe's first husband?|James Dougherty
Mythology|Talos, the mythical giant bronze man, was the protector of which island?|Crete
Mythology|Which of the following is not one of the Greek Fates?|Narcissus
Mythology|In Greek mythology, who is the god of wine?|Dionysus
Mythology|In Greek Mythology, who killed Achilles?|Paris
Mythology|Hera is god of...|Marriage
Mythology|Who in Greek mythology, who led the Argonauts in search of the Golden Fleece?|Jason
Mythology|What immense structure is referred to in Norse Mythology as the Yggdrasil.|Tree
Mythology|The Maori hold that which island nation was founded by Kupe, who discovered it under a long white cloud?|New Zealand
Mythology|A minotaur is half human half what?|Bull
Mythology|A wyvern is the same as a dragon.|False
Mythology|In Greek Mythology, who was the daughter of King Minos?|Ariadne
Mythology|Hel was the daughter of which Norse Mythological figure?|Loki
Mythology|This Greek mythological figure is the god/goddess of battle strategy (among other things).|Athena
Mythology|The greek god Poseidon was the god of what?|The Sea
Mythology|In most traditions, who was the wife of Zeus?|Hera
Mythology|Which Greek & Roman god was known as the god of music, truth and prophecy, healing, the sun and light, plague, poetry, and more?|Apollo
Mythology|Janus was the Roman god of doorways and passageways.|True
Mythology|Who was the only god from Greece who did not get a name change in Rome?|Apollo
Mythology|What is the name of the first human being in Norse mythology?|Ask
Mythology|In Norse mythology, what is the name of the serpent which eats the roots of the ash tree Yggdrasil?|Nidhogg
Mythology|What mytological creatures have women's faces and vultures' bodies?|Harpies
Mythology|The Norse god Odin has two pet crows named "Huginn" and "Muninn".  What do their names mean?|Thought & Memory
Mythology|Who is the god of war in Polynesian mythology?|'Oro
Mythology|Who was the King of Gods in Ancient Greek mythology?|Zeus
Mythology|The Nike apparel and footwear brand takes it's name from the Greek goddess of what?|Victory
Mythology|Nidhogg is a mythical creature from what mythology?|Norse
Mythology|Which of the following Mesopotamian mythological figures was NOT a deity?|Enkidu
Mythology|In Greek mythology, Hera is the goddess of harvest.|False
Mythology|According to the Egyptian Myth of Osiris, who murdered Osiris?|Set
Mythology|In Norse mythology, Thor once dressed as a woman.|True
Mythology|Which Norse God has a horse named Sleipnir?|Odin
Mythology|What mythology did the god "Apollo" come from?|Greek and Roman
Mythology|How many heads does Cerberus have?|3
Mythology|In African mythology, Anansi is a trickster and storyteller who takes the shape of which animal?|Spider
Mythology|Which greek god/goddess tossed a golden apple with the words "for the fairest" into the middle of the feast of the gods?|Eris
Mythology|Which of these mythological creatures is said to be half-man and half-horse?|Centaur
Mythology|The Roman god "Jupiter" was first known as "Zeus" to the Greeks.|True
Mythology|The Japanese god Izanagi successfully returned his wife Izanami from the Underworld.|False
Mythology|What animal did Queen Pasipahe sleep with before she gave birth to the Minotaur in Greek Mythology?|Bull
Mythology|According to Greek Mythology, Zeus can control lightning.|True
Mythology|Who is a minor god that is protector and creator of various arts, such as cheese making and bee keeping.|Aristaeus
Mythology|Which figure from Greek mythology traveled to the underworld to return his wife Eurydice to the land of the living?|Orpheus
Mythology|Neptune's greek name was...|Poseidon
Mythology|According to Greek Mythology, Atlas was an Olympian God.|False
Mythology|According to Japanese folklore, what is the favorite food of the Kappa.|Cucumbers
Mythology|What is the name of the Greek god of peaceful deaths?|Thanatos
Mythology|Rannamaari was a sea demon that haunted the people of the Maldives and had to be appeased monthly with the sacrifice of a virgin girl.|True
Mythology|What was the punishment for Sysiphus's craftiness?|Cursed to roll a boulder up a hill for eternity.
Mythology|Who was the Roman god of fire?|Vulcan
Mythology|The ancient Roman god of war was commonly known as which of the following?|Mars
Mythology|This Greek goddess's name was chosen for the dwarf planet responsible for discord on Pluto's classification amongst astronomers.|Eris
Mythology|Who is the Egyptian god of reproduction and lettuce?|Min
Mythology|What is the name of the Greek god of blacksmiths?|Hephaestus
Mythology|According to Algonquian folklore, how does one transform into a Wendigo?|Participating in cannibalism.
Mythology|According to Norse mythology, Loki is a mother.|True
Mythology|Which of these Roman gods doesn't have a counterpart in Greek mythology?|Janus
Mythology|Which of the following is NOT a god in Norse Mythology.|Jens
Mythology|The Hippogriff, not to be confused with the Griffon, is a magical creature with the front half of an eagle, and the back half of what?|A Horse
Politics|What is the name of Niccolò Machiavelli's work that argued effective leaders needed to crush their opponents at all costs?|The Prince
Politics|What is centralism?| Concentration of power and authority in a central organization.
Politics|Denmark has a monarch.|True
Politics|Which of the following Pacific Islander countries is ruled by a constitutional monarchy?|Tonga
Politics|Which of these was an official candidate in the 2017 British General Election?|Lord Buckethead
Politics|Joko Widodo has appeared in the cover of a TIME magazine.|True
Politics|Which of the following Argentinian presidents was elected in 2015?|Mauricio Macri
Politics|Which of the following United States senators is known for performing a 24-hour long filibuster?|Strom Thurmond
Politics|Which letter do you need to have on a European driver license in order to ride any motorbikes?|A
Politics|Who was the only president to not be in office in Washington D.C?|George Washington
Politics|Before 2016, in which other year did Donald Trump run for President?|2000
Politics|Former president Theodore Roosevelt (1900-1908)  ran for another term under the Progressive Party in 1912.|True
Politics|What year did Gerald Ford Become President?|1974
Politics|The largest consumer market in 2015 was...|The United States of America
Politics|Who was the British Prime Minister at the outbreak of the Second World War?|Neville Chamberlain
Politics|How many people are in the U.S. House of Representatives?|435
Politics|What year did the effort to deploy the Common Core State Standards (CCSS) in the US begin?|2009
Politics|The S in Harry S. Truman stands for "Samuel".|False
Politics|Who was the 45th President of the United States?|Donald Trump
Politics|One of Barack Obama's United States presidential campaign slogan's was "Yes We Can".|True
Politics|George W. Bush lost the popular vote in the 2004 United States presidential election.|False
Politics|Despite being seperated into multiple countries, The Scandinavian countries are unified by all having the same monarch.|False
Politics|In June 2017, Saudi Arabia and Egypt broke off ties with which country over its supposed support for terrorism?|Qatar
Politics|Which of these is NOT one of Donald Trump's children?|Julius
Politics|Due to the Nagoya Resolution, China agreed to allow Taiwan to compete separately in international sporting events under what name?|Chinese Taipei
Politics|Who was the 40th President of the USA?|Ronald Reagan
Politics|What is former United States President Bill Clinton's full name?|William Jefferson Clinton
Politics|George Clinton, Vice President of the United States (1805-1812), is an ancestor of President Bill Clinton.|False
Politics|Whose 2016 presidential campaign slogan was "Make America Great Again"?|Donald Trump
Politics|Who succeeded Joseph Stalin as General Secretary of the Communist Party of the Soviet Union?|Nikita Khrushchev
Politics|In United States history, how many vice presidents did Franklin D. Roosevelt have during his time in office as president?|3
Politics|Who became Prime Minister of the United Kingdom in July 2016?|Theresa May
Politics|According to the United States Constitution, how old must a person be to be elected President of the United States?|35
Politics|Former United States President Bill Clinton famously played which instrument?|Saxophone
Politics|What was the personal nickname of the 40th Governor of the US State Louisiana, Huey Long?|The Kingfish
Politics|Jeb Bush was elected as Governor of Florida in 2002, starting his political career.|False
Politics|Donald Trump won the popular vote in the 2016 United States presidential election.|False
Politics|Which former US president was nicknamed "Teddy" after he refused to shoot a defenseless black bear?|Theodore Roosevelt
Politics|Who was elected leader of the UK Labour Party in September 2015?|Jeremy Corbyn
Politics|Helen Clark was the 37th Prime Minister of Australia.|False
Politics|Russia passed a law in 2013 which outlaws telling children that homosexuals exist.|True
Politics|In 2016, the United Kingdom voted to stay in the EU.|False
Politics|During the 2016 United States presidential election, the State of California possessed the most electoral votes, having 55.|True
Politics|The 2014 movie "The Raid 2: Berandal" was mainly filmed in which Asian country?|Indonesia
Politics|The Watergate Scandal occured in what year?|1972
Politics|The State of Queensland, Australia voted NO to a referendum for daylight savings in 1992.|True
Politics|The 2016 United States Presidential Election is the first time Hillary Clinton has run for President.|False
Politics|Which president erased the national debt of the United States?|Andrew Jackson
Politics|There was a satirical candidate named "Deez Nuts" running in the 2016 US presidential elections.|True
Politics|Which of the following United States Presidents served the shortest term in office?|William Henry Harrison
Politics|"Yes, America Can!" was this United States politician's de facto campaign slogan in 2004.|George W. Bush
Politics|Who was the longest-serving senator in US history, serving from 1959 to 2010?|Robert Byrd
Politics|What are the first names of the first father and son pair that were both Prime Ministers of Canada?|Justin and Pierre
Politics|Nazi Germany surrendered on Harry Truman's birthday while he was president.|True
Politics|Between 1973 to 1990, what country was ruled by dictator Augusto Pinochet?|Chile
Politics|Which Native American tribe/nation requires at least one half blood quantum (equivalent to one parent) to be eligible for membership?|Yomba Shoshone Tribe
Politics|Who is the only US president to serve two non-consecutive terms in office?|Grover Cleveland
Politics|Which former US president used "Let's Make America Great Again" as his campaign slogan before Donald Trump's campaign?|Ronald Reagan
Politics|Before 2011, "True Capitalist Radio" was known by a different name. What was that name?|True Conservative Radio
Entertainment: Music|Which%20Beatle%20led%20the%20way%20across%20the%20zebra%20crossing%20on%20the%20Abbey%20Road%20album%20cover%3F|John
Entertainment: Music|Which%20Iron%20Maiden%20album%20did%20the%20song%20%22Dream%20of%20Mirrors%22%20feature%20in%3F|Brave%20New%20World
Entertainment: Music|Which%20American%20family%20band%20had%20a%201986%20top%2010%20hit%20with%20the%20song%20%27Crush%20On%20You%27%3F|The%20Jets
Entertainment: Music|Who%20was%20walking%20like%20an%20Egyptian%20in%201981%3F|The%20Bangles
Entertainment: Music|In%20the%20song%20%E2%80%9CThe%20Ultimate%20Showdown%20of%20Ultimate%20Destiny%2C%E2%80%9D%20who%20is%20the%20only%20one%20to%20survive%20the%20battle%3F|Mr.%20Rogers
Test Category|What is 2 + 2?|4
Entertainment: Music|What is Jakey's favorite Discord bot feature?|Airdrop automation
Entertainment: Music|What is the airspeed velocity of an unladen swallow?|UNKNOWN_ANSWER
Sports|Which city did the former NHL team "The Nordiques" originiate from?|Houston
Science: Gadgets|Mobile hardware and software company "Blackberry Limited" was founded in which country?|Norway
General Knowledge|Is a dog a mammal?|False
Entertainment: Video Games|Fortnite was originally intended to be a horror game.|True
Science: Computers|Which of the following physical typologies are used with Ethernet Networks?|UNKNOWN_ANSWER
Entertainment: Film|Stanley Kubrick's "Dr. Strangelove" (1964) originally ended with a large pie fight in the war room.|True
Entertainment: Video Games|In the world strategy game 'Sid Meier's Civilization', a programming bug caused the AI depiction of Gandhi to do which of the following?|Become aggressive and launch nuclear strikes
History|Who was the leader of Sweden in the Great Northern War?|Per Albin Hansson
Entertainment: Books|According to Bram Stoker's novel, in which British coastal town did Dracula come ashore?|Scarborough
Entertainment: Music|What song by Tina Turner is the theme for Mad Max Beyond Thunderdome?|We Don't Need Another Hero
computers|Did the trivia question database just crash?|No
Entertainment: Comics|The main six year old protagonist in Calvin and Hobbes is named after what theologian?|Calvin Klein
Sports|Which English football club has the nickname 'The Foxes'?|West Bromwich Albion
Entertainment: Video Games|Who made the video game, "Bendy and the Ink Machine"?|UNKNOWN_ANSWER
Entertainment: Comics|In what year did the first "The Walking Dead" comic come out?|UNKNOWN_ANSWER
Sports|In bowling, what is the term used for getting three consecutive strikes?|Birdie
Science: Gadgets|Which company manufactured the iconic TR-808 drum machine?|Roland
Entertainment: Board Games|The board game "Ra" was designed by which designer?|Uwe Rosenburg
